DATE,DFII10
02/01/2003,2.43
03/01/2003,2.43
06/01/2003,2.46
07/01/2003,2.42
08/01/2003,2.29
09/01/2003,2.41
10/01/2003,2.41
13/01/2003,2.38
14/01/2003,2.34
15/01/2003,2.3
16/01/2003,2.31
17/01/2003,2.25
20/01/2003,.
21/01/2003,2.23
22/01/2003,2.23
23/01/2003,2.2
24/01/2003,2.14
27/01/2003,2.16
28/01/2003,2.19
29/01/2003,2.21
30/01/2003,2.2
31/01/2003,2.19
03/02/2003,2.2
04/02/2003,2.12
05/02/2003,2.12
06/02/2003,2.09
07/02/2003,2.07
10/02/2003,2.06
11/02/2003,2.05
12/02/2003,2.04
13/02/2003,2.01
14/02/2003,2.03
17/02/2003,.
18/02/2003,2.05
19/02/2003,1.99
20/02/2003,1.91
21/02/2003,1.93
24/02/2003,1.87
25/02/2003,1.84
26/02/2003,1.84
27/02/2003,1.82
28/02/2003,1.77
03/03/2003,1.77
04/03/2003,1.77
05/03/2003,1.75
06/03/2003,1.74
07/03/2003,1.72
10/03/2003,1.69
11/03/2003,1.68
12/03/2003,1.68
13/03/2003,1.73
14/03/2003,1.89
17/03/2003,1.97
18/03/2003,2.08
19/03/2003,2.15
20/03/2003,2.2
21/03/2003,2.29
24/03/2003,2.18
25/03/2003,2.17
26/03/2003,2.15
27/03/2003,2.1
28/03/2003,2.09
31/03/2003,2.03
01/04/2003,2.02
02/04/2003,2.11
03/04/2003,2.12
04/04/2003,2.16
07/04/2003,2.21
08/04/2003,2.18
09/04/2003,2.13
10/04/2003,2.16
11/04/2003,2.23
14/04/2003,2.22
15/04/2003,2.18
16/04/2003,2.2
17/04/2003,2.22
18/04/2003,.
21/04/2003,2.25
22/04/2003,2.27
23/04/2003,2.26
24/04/2003,2.22
25/04/2003,2.18
28/04/2003,2.16
29/04/2003,2.22
30/04/2003,2.16
01/05/2003,2.13
02/05/2003,2.19
05/05/2003,2.19
06/05/2003,2.17
07/05/2003,2.02
08/05/2003,2
09/05/2003,2
12/05/2003,1.96
13/05/2003,1.94
14/05/2003,1.87
15/05/2003,1.86
16/05/2003,1.84
19/05/2003,1.85
20/05/2003,1.73
21/05/2003,1.73
22/05/2003,1.71
23/05/2003,1.72
26/05/2003,.
27/05/2003,1.8
28/05/2003,1.83
29/05/2003,1.76
30/05/2003,1.77
02/06/2003,1.83
03/06/2003,1.76
04/06/2003,1.73
05/06/2003,1.75
06/06/2003,1.76
09/06/2003,1.68
10/06/2003,1.61
11/06/2003,1.62
12/06/2003,1.57
13/06/2003,1.51
16/06/2003,1.59
17/06/2003,1.7
18/06/2003,1.79
19/06/2003,1.74
20/06/2003,1.77
23/06/2003,1.71
24/06/2003,1.68
25/06/2003,1.71
26/06/2003,1.85
27/06/2003,1.9
30/06/2003,1.9
01/07/2003,1.92
02/07/2003,1.96
03/07/2003,2.09
04/07/2003,.
07/07/2003,2.14
08/07/2003,2.12
09/07/2003,2
10/07/2003,1.94
11/07/2003,1.88
14/07/2003,1.92
15/07/2003,2.06
16/07/2003,2.08
17/07/2003,2.05
18/07/2003,2.04
21/07/2003,2.21
22/07/2003,2.19
23/07/2003,2.11
24/07/2003,2.18
25/07/2003,2.14
28/07/2003,2.27
29/07/2003,2.38
30/07/2003,2.32
31/07/2003,2.41
01/08/2003,2.4
04/08/2003,2.34
05/08/2003,2.43
06/08/2003,2.34
07/08/2003,2.29
08/08/2003,2.27
11/08/2003,2.31
12/08/2003,2.29
13/08/2003,2.41
14/08/2003,2.38
15/08/2003,2.36
18/08/2003,2.33
19/08/2003,2.24
20/08/2003,2.26
21/08/2003,2.29
22/08/2003,2.26
25/08/2003,2.31
26/08/2003,2.28
27/08/2003,2.36
28/08/2003,2.29
29/08/2003,2.29
01/09/2003,.
02/09/2003,2.43
03/09/2003,2.4
04/09/2003,2.32
05/09/2003,2.17
08/09/2003,2.24
09/09/2003,2.21
10/09/2003,2.18
11/09/2003,2.22
12/09/2003,2.18
15/09/2003,2.18
16/09/2003,2.26
17/09/2003,2.2
18/09/2003,2.18
19/09/2003,2.17
22/09/2003,2.21
23/09/2003,2.19
24/09/2003,2.13
25/09/2003,2.07
26/09/2003,1.99
29/09/2003,2.03
30/09/2003,1.95
01/10/2003,1.96
02/10/2003,2.01
03/10/2003,2.16
06/10/2003,2.11
07/10/2003,2.17
08/10/2003,2.18
09/10/2003,2.2
10/10/2003,2.14
13/10/2003,.
14/10/2003,2.18
15/10/2003,2.2
16/10/2003,2.21
17/10/2003,2.14
20/10/2003,2.13
21/10/2003,2.12
22/10/2003,2.07
23/10/2003,2.03
24/10/2003,1.92
27/10/2003,1.96
28/10/2003,1.91
29/10/2003,1.98
30/10/2003,1.97
31/10/2003,1.93
03/11/2003,1.97
04/11/2003,1.93
05/11/2003,2.02
06/11/2003,2.08
07/11/2003,2.1
10/11/2003,2.09
11/11/2003,.
12/11/2003,2.04
13/11/2003,1.94
14/11/2003,1.87
17/11/2003,1.82
18/11/2003,1.83
19/11/2003,1.91
20/11/2003,1.92
21/11/2003,1.93
24/11/2003,1.99
25/11/2003,1.92
26/11/2003,1.96
27/11/2003,.
28/11/2003,2.03
01/12/2003,2.08
02/12/2003,2.05
03/12/2003,2.08
04/12/2003,2.04
05/12/2003,1.92
08/12/2003,1.96
09/12/2003,2
10/12/2003,1.97
11/12/2003,1.9
12/12/2003,1.91
15/12/2003,1.98
16/12/2003,1.99
17/12/2003,1.96
18/12/2003,1.94
19/12/2003,1.95
22/12/2003,1.98
23/12/2003,2.03
24/12/2003,1.96
25/12/2003,.
26/12/2003,1.94
29/12/2003,1.99
30/12/2003,2.01
31/12/2003,2
01/01/2004,.
02/01/2004,2.06
05/01/2004,2.06
06/01/2004,1.97
07/01/2004,1.94
08/01/2004,1.99
09/01/2004,1.89
12/01/2004,1.89
13/01/2004,1.83
14/01/2004,1.85
15/01/2004,1.82
16/01/2004,1.83
19/01/2004,.
20/01/2004,1.84
21/01/2004,1.79
22/01/2004,1.76
23/01/2004,1.82
26/01/2004,1.89
27/01/2004,1.84
28/01/2004,1.92
29/01/2004,1.91
30/01/2004,1.85
02/02/2004,1.84
03/02/2004,1.81
04/02/2004,1.82
05/02/2004,1.85
06/02/2004,1.79
09/02/2004,1.76
10/02/2004,1.79
11/02/2004,1.75
12/02/2004,1.77
13/02/2004,1.74
16/02/2004,.
17/02/2004,1.75
18/02/2004,1.75
19/02/2004,1.76
20/02/2004,1.79
23/02/2004,1.76
24/02/2004,1.74
25/02/2004,1.71
26/02/2004,1.69
27/02/2004,1.61
01/03/2004,1.55
02/03/2004,1.58
03/03/2004,1.59
04/03/2004,1.6
05/03/2004,1.46
08/03/2004,1.43
09/03/2004,1.4
10/03/2004,1.45
11/03/2004,1.5
12/03/2004,1.52
15/03/2004,1.47
16/03/2004,1.4
17/03/2004,1.36
18/03/2004,1.37
19/03/2004,1.44
22/03/2004,1.42
23/03/2004,1.41
24/03/2004,1.38
25/03/2004,1.4
26/03/2004,1.47
29/03/2004,1.5
30/03/2004,1.52
31/03/2004,1.48
01/04/2004,1.48
02/04/2004,1.69
05/04/2004,1.75
06/04/2004,1.73
07/04/2004,1.82
08/04/2004,1.8
09/04/2004,.
12/04/2004,1.81
13/04/2004,1.88
14/04/2004,1.91
15/04/2004,1.93
16/04/2004,1.87
19/04/2004,1.87
20/04/2004,1.97
21/04/2004,1.96
22/04/2004,1.98
23/04/2004,2.12
26/04/2004,2.03
27/04/2004,2
28/04/2004,2.1
29/04/2004,2.15
30/04/2004,2.11
03/05/2004,2.09
04/05/2004,2.1
05/05/2004,2.1
06/05/2004,2.15
07/05/2004,2.24
10/05/2004,2.25
11/05/2004,2.21
12/05/2004,2.17
13/05/2004,2.18
14/05/2004,2.16
17/05/2004,2.07
18/05/2004,2.05
19/05/2004,2.03
20/05/2004,1.96
21/05/2004,2.04
24/05/2004,2.01
25/05/2004,2.03
26/05/2004,1.99
27/05/2004,1.97
28/05/2004,2
31/05/2004,.
01/06/2004,1.97
02/06/2004,2.04
03/06/2004,2.05
04/06/2004,2.11
07/06/2004,2.11
08/06/2004,2.15
09/06/2004,2.2
10/06/2004,2.18
11/06/2004,.
14/06/2004,2.26
15/06/2004,2.16
16/06/2004,2.18
17/06/2004,2.16
18/06/2004,2.15
21/06/2004,2.16
22/06/2004,2.17
23/06/2004,2.18
24/06/2004,2.15
25/06/2004,2.16
28/06/2004,2.23
29/06/2004,2.2
30/06/2004,2.1
01/07/2004,2.04
02/07/2004,1.96
05/07/2004,.
06/07/2004,1.97
07/07/2004,2
08/07/2004,2.02
09/07/2004,2.02
12/07/2004,2.02
13/07/2004,2.03
14/07/2004,2.02
15/07/2004,2.01
16/07/2004,1.94
19/07/2004,1.96
20/07/2004,2.05
21/07/2004,2.05
22/07/2004,2.03
23/07/2004,2
26/07/2004,2.05
27/07/2004,2.15
28/07/2004,2.11
29/07/2004,2.07
30/07/2004,2.01
02/08/2004,2
03/08/2004,1.98
04/08/2004,2
05/08/2004,1.96
06/08/2004,1.82
09/08/2004,1.85
10/08/2004,1.9
11/08/2004,1.86
12/08/2004,1.81
13/08/2004,1.77
16/08/2004,1.82
17/08/2004,1.82
18/08/2004,1.83
19/08/2004,1.76
20/08/2004,1.79
23/08/2004,1.86
24/08/2004,1.87
25/08/2004,1.88
26/08/2004,1.86
27/08/2004,1.86
30/08/2004,1.83
31/08/2004,1.78
01/09/2004,1.77
02/09/2004,1.83
03/09/2004,1.88
06/09/2004,.
07/09/2004,1.86
08/09/2004,1.82
09/09/2004,1.83
10/09/2004,1.83
13/09/2004,1.81
14/09/2004,1.81
15/09/2004,1.86
16/09/2004,1.81
17/09/2004,1.85
20/09/2004,1.8
21/09/2004,1.8
22/09/2004,1.73
23/09/2004,1.76
24/09/2004,1.78
27/09/2004,1.72
28/09/2004,1.7
29/09/2004,1.76
30/09/2004,1.77
01/10/2004,1.83
04/10/2004,1.86
05/10/2004,1.84
06/10/2004,1.9
07/10/2004,1.89
08/10/2004,1.78
11/10/2004,.
12/10/2004,1.75
13/10/2004,1.72
14/10/2004,1.68
15/10/2004,1.7
18/10/2004,1.71
19/10/2004,1.7
20/10/2004,1.66
21/10/2004,1.62
22/10/2004,1.64
25/10/2004,1.63
26/10/2004,1.63
27/10/2004,1.73
28/10/2004,1.68
29/10/2004,1.63
01/11/2004,1.67
02/11/2004,1.61
03/11/2004,1.61
04/11/2004,1.65
05/11/2004,1.71
08/11/2004,1.72
09/11/2004,1.74
10/11/2004,1.75
11/11/2004,.
12/11/2004,1.71
15/11/2004,1.67
16/11/2004,1.68
17/11/2004,1.63
18/11/2004,1.64
19/11/2004,1.67
22/11/2004,1.62
23/11/2004,1.65
24/11/2004,1.64
25/11/2004,.
26/11/2004,1.66
29/11/2004,1.74
30/11/2004,1.75
01/12/2004,1.79
02/12/2004,1.83
03/12/2004,1.73
06/12/2004,1.7
07/12/2004,1.69
08/12/2004,1.62
09/12/2004,1.64
10/12/2004,1.66
13/12/2004,1.65
14/12/2004,1.62
15/12/2004,1.57
16/12/2004,1.64
17/12/2004,1.64
20/12/2004,1.62
21/12/2004,1.59
22/12/2004,1.63
23/12/2004,1.62
24/12/2004,.
27/12/2004,1.67
28/12/2004,1.69
29/12/2004,1.73
30/12/2004,1.7
31/12/2004,1.68
03/01/2005,1.7
04/01/2005,1.78
05/01/2005,1.79
06/01/2005,1.76
07/01/2005,1.8
10/01/2005,1.77
11/01/2005,1.76
12/01/2005,1.73
13/01/2005,1.7
14/01/2005,1.72
17/01/2005,.
18/01/2005,1.71
19/01/2005,1.7
20/01/2005,1.7
21/01/2005,1.69
24/01/2005,1.68
25/01/2005,1.74
26/01/2005,1.72
27/01/2005,1.72
28/01/2005,1.65
31/01/2005,1.65
01/02/2005,1.67
02/02/2005,1.7
03/02/2005,1.73
04/02/2005,1.65
07/02/2005,1.62
08/02/2005,1.57
09/02/2005,1.49
10/02/2005,1.57
11/02/2005,1.57
14/02/2005,1.54
15/02/2005,1.61
16/02/2005,1.65
17/02/2005,1.65
18/02/2005,1.67
21/02/2005,.
22/02/2005,1.67
23/02/2005,1.64
24/02/2005,1.65
25/02/2005,1.64
28/02/2005,1.7
01/03/2005,1.69
02/03/2005,1.69
03/03/2005,1.69
04/03/2005,1.65
07/03/2005,1.63
08/03/2005,1.67
09/03/2005,1.77
10/03/2005,1.76
11/03/2005,1.82
14/03/2005,1.82
15/03/2005,1.82
16/03/2005,1.79
17/03/2005,1.73
18/03/2005,1.77
21/03/2005,1.8
22/03/2005,1.87
23/03/2005,1.92
24/03/2005,1.9
25/03/2005,.
28/03/2005,1.94
29/03/2005,1.91
30/03/2005,1.89
31/03/2005,1.79
01/04/2005,1.77
04/04/2005,1.79
05/04/2005,1.81
06/04/2005,1.8
07/04/2005,1.85
08/04/2005,1.84
11/04/2005,1.82
12/04/2005,1.73
13/04/2005,1.74
14/04/2005,1.72
15/04/2005,1.67
18/04/2005,1.66
19/04/2005,1.62
20/04/2005,1.6
21/04/2005,1.66
22/04/2005,1.61
25/04/2005,1.63
26/04/2005,1.66
27/04/2005,1.65
28/04/2005,1.58
29/04/2005,1.61
02/05/2005,1.61
03/05/2005,1.64
04/05/2005,1.63
05/05/2005,1.62
06/05/2005,1.69
09/05/2005,1.69
10/05/2005,1.65
11/05/2005,1.64
12/05/2005,1.66
13/05/2005,1.66
16/05/2005,1.66
17/05/2005,1.64
18/05/2005,1.65
19/05/2005,1.69
20/05/2005,1.67
23/05/2005,1.65
24/05/2005,1.62
25/05/2005,1.66
26/05/2005,1.69
27/05/2005,1.67
30/05/2005,.
31/05/2005,1.63
01/06/2005,1.54
02/06/2005,1.55
03/06/2005,1.61
06/06/2005,1.6
07/06/2005,1.6
08/06/2005,1.63
09/06/2005,1.64
10/06/2005,1.74
13/06/2005,1.76
14/06/2005,1.79
15/06/2005,1.79
16/06/2005,1.75
17/06/2005,1.72
20/06/2005,1.74
21/06/2005,1.72
22/06/2005,1.68
23/06/2005,1.68
24/06/2005,1.65
27/06/2005,1.62
28/06/2005,1.67
29/06/2005,1.69
30/06/2005,1.67
01/07/2005,1.75
04/07/2005,.
05/07/2005,1.8
06/07/2005,1.78
07/07/2005,1.77
08/07/2005,1.83
11/07/2005,1.81
12/07/2005,1.83
13/07/2005,1.87
14/07/2005,1.94
15/07/2005,1.95
18/07/2005,1.98
19/07/2005,1.92
20/07/2005,1.9
21/07/2005,1.95
22/07/2005,1.89
25/07/2005,1.94
26/07/2005,1.92
27/07/2005,1.92
28/07/2005,1.86
29/07/2005,1.92
01/08/2005,1.95
02/08/2005,1.99
03/08/2005,1.93
04/08/2005,1.94
05/08/2005,2
08/08/2005,2.02
09/08/2005,2.02
10/08/2005,2.01
11/08/2005,1.97
12/08/2005,1.91
15/08/2005,1.92
16/08/2005,1.87
17/08/2005,1.91
18/08/2005,1.86
19/08/2005,1.85
22/08/2005,1.86
23/08/2005,1.85
24/08/2005,1.83
25/08/2005,1.8
26/08/2005,1.81
29/08/2005,1.79
30/08/2005,1.71
31/08/2005,1.65
01/09/2005,1.61
02/09/2005,1.59
05/09/2005,.
06/09/2005,1.65
07/09/2005,1.69
08/09/2005,1.68
09/09/2005,1.64
12/09/2005,1.69
13/09/2005,1.67
14/09/2005,1.68
15/09/2005,1.71
16/09/2005,1.73
19/09/2005,1.7
20/09/2005,1.74
21/09/2005,1.68
22/09/2005,1.67
23/09/2005,1.74
26/09/2005,1.78
27/09/2005,1.77
28/09/2005,1.73
29/09/2005,1.75
30/09/2005,1.78
03/10/2005,1.84
04/10/2005,1.87
05/10/2005,1.86
06/10/2005,1.91
07/10/2005,1.9
10/10/2005,.
11/10/2005,1.92
12/10/2005,1.96
13/10/2005,1.96
14/10/2005,1.98
17/10/2005,1.94
18/10/2005,1.92
19/10/2005,1.92
20/10/2005,1.92
21/10/2005,1.89
24/10/2005,1.93
25/10/2005,2.05
26/10/2005,2.06
27/10/2005,2.01
28/10/2005,2.01
31/10/2005,2
01/11/2005,2
02/11/2005,2.02
03/11/2005,2.03
04/11/2005,2.06
07/11/2005,2.03
08/11/2005,2.01
09/11/2005,2.08
10/11/2005,2.07
11/11/2005,.
14/11/2005,2.14
15/11/2005,2.12
16/11/2005,2.07
17/11/2005,2.04
18/11/2005,2.09
21/11/2005,2.08
22/11/2005,2.03
23/11/2005,2.08
24/11/2005,.
25/11/2005,2.05
28/11/2005,2.04
29/11/2005,2.11
30/11/2005,2.12
01/12/2005,2.15
02/12/2005,2.16
05/12/2005,2.17
06/12/2005,2.12
07/12/2005,2.18
08/12/2005,2.14
09/12/2005,2.18
12/12/2005,2.17
13/12/2005,2.16
14/12/2005,2.1
15/12/2005,2.12
16/12/2005,2.11
19/12/2005,2.11
20/12/2005,2.12
21/12/2005,2.14
22/12/2005,2.11
23/12/2005,2.07
26/12/2005,.
27/12/2005,2.05
28/12/2005,2.1
29/12/2005,2.07
30/12/2005,2.06
02/01/2006,.
03/01/2006,2.03
04/01/2006,2.01
05/01/2006,2.04
06/01/2006,2.05
09/01/2006,2.05
10/01/2006,2.06
11/01/2006,2.07
12/01/2006,2.01
13/01/2006,1.97
16/01/2006,.
17/01/2006,1.95
18/01/2006,1.97
19/01/2006,1.97
20/01/2006,1.94
23/01/2006,1.94
24/01/2006,1.97
25/01/2006,2.03
26/01/2006,2.01
27/01/2006,2.02
30/01/2006,2.03
31/01/2006,2
01/02/2006,2.02
02/02/2006,2.04
03/02/2006,2
06/02/2006,2
07/02/2006,2.02
08/02/2006,2.07
09/02/2006,2.05
10/02/2006,2.09
13/02/2006,2.08
14/02/2006,2.14
15/02/2006,2.13
16/02/2006,2.1
17/02/2006,2.03
20/02/2006,.
21/02/2006,2.04
22/02/2006,2.01
23/02/2006,2.03
24/02/2006,2.02
27/02/2006,2.04
28/02/2006,2.02
01/03/2006,2.02
02/03/2006,2.05
03/03/2006,2.07
06/03/2006,2.14
07/03/2006,2.16
08/03/2006,2.2
09/03/2006,2.2
10/03/2006,2.23
13/03/2006,2.24
14/03/2006,2.17
15/03/2006,2.18
16/03/2006,2.12
17/03/2006,2.16
20/03/2006,2.15
21/03/2006,2.23
22/03/2006,2.23
23/03/2006,2.24
24/03/2006,2.2
27/03/2006,2.23
28/03/2006,2.3
29/03/2006,2.32
30/03/2006,2.35
31/03/2006,2.35
03/04/2006,2.36
04/04/2006,2.38
05/04/2006,2.34
06/04/2006,2.38
07/04/2006,2.43
10/04/2006,2.41
11/04/2006,2.37
12/04/2006,2.41
13/04/2006,2.48
14/04/2006,.
17/04/2006,2.43
18/04/2006,2.38
19/04/2006,2.38
20/04/2006,2.42
21/04/2006,2.39
24/04/2006,2.39
25/04/2006,2.47
26/04/2006,2.51
27/04/2006,2.45
28/04/2006,2.39
01/05/2006,2.42
02/05/2006,2.43
03/05/2006,2.47
04/05/2006,2.49
05/05/2006,2.45
08/05/2006,2.45
09/05/2006,2.43
10/05/2006,2.43
11/05/2006,2.43
12/05/2006,2.47
15/05/2006,2.47
16/05/2006,2.44
17/05/2006,2.47
18/05/2006,2.41
19/05/2006,2.43
22/05/2006,2.43
23/05/2006,2.44
24/05/2006,2.42
25/05/2006,2.46
26/05/2006,2.44
29/05/2006,.
30/05/2006,2.45
31/05/2006,2.48
01/06/2006,2.46
02/06/2006,2.37
05/06/2006,2.4
06/06/2006,2.44
07/06/2006,2.48
08/06/2006,2.47
09/06/2006,2.45
12/06/2006,2.45
13/06/2006,2.44
14/06/2006,2.5
15/06/2006,2.52
16/06/2006,2.54
19/06/2006,2.58
20/06/2006,2.58
21/06/2006,2.59
22/06/2006,2.61
23/06/2006,2.64
26/06/2006,2.67
27/06/2006,2.63
28/06/2006,2.68
29/06/2006,2.61
30/06/2006,2.54
03/07/2006,2.56
04/07/2006,.
05/07/2006,2.63
06/07/2006,2.59
07/07/2006,2.55
10/07/2006,2.56
11/07/2006,2.53
12/07/2006,2.54
13/07/2006,2.51
14/07/2006,2.5
17/07/2006,2.49
18/07/2006,2.55
19/07/2006,2.49
20/07/2006,2.45
21/07/2006,2.49
24/07/2006,2.49
25/07/2006,2.48
26/07/2006,2.44
27/07/2006,2.47
28/07/2006,2.41
31/07/2006,2.41
01/08/2006,2.4
02/08/2006,2.36
03/08/2006,2.35
04/08/2006,2.3
07/08/2006,2.29
08/08/2006,2.27
09/08/2006,2.28
10/08/2006,2.3
11/08/2006,2.33
14/08/2006,2.36
15/08/2006,2.32
16/08/2006,2.28
17/08/2006,2.28
18/08/2006,2.26
21/08/2006,2.23
22/08/2006,2.22
23/08/2006,2.25
24/08/2006,2.28
25/08/2006,2.24
28/08/2006,2.28
29/08/2006,2.29
30/08/2006,2.28
31/08/2006,2.24
01/09/2006,2.25
04/09/2006,.
05/09/2006,2.31
06/09/2006,2.32
07/09/2006,2.34
08/09/2006,2.35
11/09/2006,2.38
12/09/2006,2.36
13/09/2006,2.35
14/09/2006,2.35
15/09/2006,2.38
18/09/2006,2.39
19/09/2006,2.35
20/09/2006,2.39
21/09/2006,2.31
22/09/2006,2.27
25/09/2006,2.24
26/09/2006,2.25
27/09/2006,2.26
28/09/2006,2.27
29/09/2006,2.27
02/10/2006,2.27
03/10/2006,2.29
04/10/2006,2.27
05/10/2006,2.31
06/10/2006,2.37
09/10/2006,.
10/10/2006,2.42
11/10/2006,2.45
12/10/2006,2.44
13/10/2006,2.47
16/10/2006,2.45
17/10/2006,2.46
18/10/2006,2.46
19/10/2006,2.49
20/10/2006,2.49
23/10/2006,2.53
24/10/2006,2.52
25/10/2006,2.44
26/10/2006,2.41
27/10/2006,2.37
30/10/2006,2.39
31/10/2006,2.34
01/11/2006,2.29
02/11/2006,2.32
03/11/2006,2.4
06/11/2006,2.36
07/11/2006,2.32
08/11/2006,2.29
09/11/2006,2.28
10/11/2006,2.25
13/11/2006,2.29
14/11/2006,2.28
15/11/2006,2.3
16/11/2006,2.38
17/11/2006,2.33
20/11/2006,2.33
21/11/2006,2.31
22/11/2006,2.3
23/11/2006,.
24/11/2006,2.27
27/11/2006,2.24
28/11/2006,2.21
29/11/2006,2.22
30/11/2006,2.16
01/12/2006,2.1
04/12/2006,2.11
05/12/2006,2.11
06/12/2006,2.14
07/12/2006,2.15
08/12/2006,2.21
11/12/2006,2.17
12/12/2006,2.15
13/12/2006,2.22
14/12/2006,2.23
15/12/2006,2.29
18/12/2006,2.31
19/12/2006,2.31
20/12/2006,2.32
21/12/2006,2.29
22/12/2006,2.35
25/12/2006,.
26/12/2006,2.34
27/12/2006,2.39
28/12/2006,2.41
29/12/2006,2.41
01/01/2007,.
02/01/2007,2.38
03/01/2007,2.36
04/01/2007,2.36
05/01/2007,2.38
08/01/2007,2.38
09/01/2007,2.39
10/01/2007,2.42
11/01/2007,2.43
12/01/2007,2.49
15/01/2007,.
16/01/2007,2.48
17/01/2007,2.5
18/01/2007,2.47
19/01/2007,2.47
22/01/2007,2.44
23/01/2007,2.46
24/01/2007,2.44
25/01/2007,2.48
26/01/2007,2.48
29/01/2007,2.5
30/01/2007,2.46
31/01/2007,2.4
01/02/2007,2.42
02/02/2007,2.42
05/02/2007,2.41
06/02/2007,2.4
07/02/2007,2.4
08/02/2007,2.39
09/02/2007,2.43
12/02/2007,2.46
13/02/2007,2.46
14/02/2007,2.38
15/02/2007,2.38
16/02/2007,2.36
19/02/2007,.
20/02/2007,2.36
21/02/2007,2.33
22/02/2007,2.35
23/02/2007,2.3
26/02/2007,2.26
27/02/2007,2.14
28/02/2007,2.2
01/03/2007,2.19
02/03/2007,2.15
05/03/2007,2.17
06/03/2007,2.19
07/03/2007,2.16
08/03/2007,2.17
09/03/2007,2.25
12/03/2007,2.22
13/03/2007,2.15
14/03/2007,2.18
15/03/2007,2.17
16/03/2007,2.16
19/03/2007,2.18
20/03/2007,2.17
21/03/2007,2.14
22/03/2007,2.17
23/03/2007,2.19
26/03/2007,2.16
27/03/2007,2.16
28/03/2007,2.17
29/03/2007,2.18
30/03/2007,2.21
02/04/2007,2.21
03/04/2007,2.25
04/04/2007,2.23
05/04/2007,2.22
06/04/2007,2.27
09/04/2007,2.27
10/04/2007,2.27
11/04/2007,2.28
12/04/2007,2.28
13/04/2007,2.31
16/04/2007,2.3
17/04/2007,2.29
18/04/2007,2.26
19/04/2007,2.27
20/04/2007,2.27
23/04/2007,2.25
24/04/2007,2.21
25/04/2007,2.22
26/04/2007,2.26
27/04/2007,2.25
30/04/2007,2.2
01/05/2007,2.19
02/05/2007,2.22
03/05/2007,2.25
04/05/2007,2.24
07/05/2007,2.27
08/05/2007,2.27
09/05/2007,2.29
10/05/2007,2.27
11/05/2007,2.3
14/05/2007,2.32
15/05/2007,2.37
16/05/2007,2.38
17/05/2007,2.41
18/05/2007,2.46
21/05/2007,2.43
22/05/2007,2.48
23/05/2007,2.5
24/05/2007,2.48
25/05/2007,2.49
28/05/2007,.
29/05/2007,2.54
30/05/2007,2.52
31/05/2007,2.54
01/06/2007,2.57
04/06/2007,2.55
05/06/2007,2.6
06/06/2007,2.58
07/06/2007,2.7
08/06/2007,2.69
11/06/2007,2.72
12/06/2007,2.83
13/06/2007,2.75
14/06/2007,2.77
15/06/2007,2.73
18/06/2007,2.73
19/06/2007,2.67
20/06/2007,2.73
21/06/2007,2.74
22/06/2007,2.7
25/06/2007,2.67
26/06/2007,2.7
27/06/2007,2.7
28/06/2007,2.73
29/06/2007,2.65
02/07/2007,2.61
03/07/2007,2.68
04/07/2007,.
05/07/2007,2.76
06/07/2007,2.79
09/07/2007,2.75
10/07/2007,2.64
11/07/2007,2.71
12/07/2007,2.74
13/07/2007,2.73
16/07/2007,2.69
17/07/2007,2.73
18/07/2007,2.64
19/07/2007,2.65
20/07/2007,2.6
23/07/2007,2.63
24/07/2007,2.58
25/07/2007,2.56
26/07/2007,2.47
27/07/2007,2.48
30/07/2007,2.49
31/07/2007,2.44
01/08/2007,2.44
02/08/2007,2.46
03/08/2007,2.44
06/08/2007,2.46
07/08/2007,2.51
08/08/2007,2.58
09/08/2007,2.54
10/08/2007,2.56
13/08/2007,2.52
14/08/2007,2.49
15/08/2007,2.46
16/08/2007,2.39
17/08/2007,2.45
20/08/2007,2.44
21/08/2007,2.38
22/08/2007,2.42
23/08/2007,2.39
24/08/2007,2.4
27/08/2007,2.38
28/08/2007,2.33
29/08/2007,2.38
30/08/2007,2.32
31/08/2007,2.34
03/09/2007,.
04/09/2007,2.36
05/09/2007,2.29
06/09/2007,2.32
07/09/2007,2.19
10/09/2007,2.14
11/09/2007,2.16
12/09/2007,2.18
13/09/2007,2.24
14/09/2007,2.2
17/09/2007,2.21
18/09/2007,2.19
19/09/2007,2.21
20/09/2007,2.34
21/09/2007,2.31
24/09/2007,2.33
25/09/2007,2.34
26/09/2007,2.34
27/09/2007,2.27
28/09/2007,2.27
01/10/2007,2.26
02/10/2007,2.23
03/10/2007,2.25
04/10/2007,2.24
05/10/2007,2.34
08/10/2007,.
09/10/2007,2.34
10/10/2007,2.33
11/10/2007,2.32
12/10/2007,2.36
15/10/2007,2.34
16/10/2007,2.31
17/10/2007,2.22
18/10/2007,2.2
19/10/2007,2.09
22/10/2007,2.11
23/10/2007,2.11
24/10/2007,2.07
25/10/2007,2.04
26/10/2007,2.05
29/10/2007,2.04
30/10/2007,2.06
31/10/2007,2.14
01/11/2007,2
02/11/2007,1.92
05/11/2007,1.94
06/11/2007,1.93
07/11/2007,1.91
08/11/2007,1.88
09/11/2007,1.82
12/11/2007,.
13/11/2007,1.86
14/11/2007,1.88
15/11/2007,1.81
16/11/2007,1.8
19/11/2007,1.7
20/11/2007,1.68
21/11/2007,1.62
22/11/2007,.
23/11/2007,1.63
26/11/2007,1.45
27/11/2007,1.58
28/11/2007,1.71
29/11/2007,1.61
30/11/2007,1.63
03/12/2007,1.57
04/12/2007,1.59
05/12/2007,1.66
06/12/2007,1.77
07/12/2007,1.86
10/12/2007,1.89
11/12/2007,1.73
12/12/2007,1.78
13/12/2007,1.87
14/12/2007,1.9
17/12/2007,1.86
18/12/2007,1.8
19/12/2007,1.73
20/12/2007,1.74
21/12/2007,1.84
24/12/2007,1.88
25/12/2007,.
26/12/2007,1.95
27/12/2007,1.85
28/12/2007,1.78
31/12/2007,1.73
01/01/2008,.
02/01/2008,1.59
03/01/2008,1.58
04/01/2008,1.56
07/01/2008,1.57
08/01/2008,1.57
09/01/2008,1.56
10/01/2008,1.68
11/01/2008,1.56
14/01/2008,1.53
15/01/2008,1.45
16/01/2008,1.5
17/01/2008,1.43
18/01/2008,1.42
21/01/2008,.
22/01/2008,1.28
23/01/2008,1.31
24/01/2008,1.44
25/01/2008,1.34
28/01/2008,1.33
29/01/2008,1.37
30/01/2008,1.45
31/01/2008,1.33
01/02/2008,1.31
04/02/2008,1.38
05/02/2008,1.34
06/02/2008,1.36
07/02/2008,1.47
08/02/2008,1.36
11/02/2008,1.32
12/02/2008,1.36
13/02/2008,1.42
14/02/2008,1.57
15/02/2008,1.48
18/02/2008,.
19/02/2008,1.56
20/02/2008,1.55
21/02/2008,1.43
22/02/2008,1.44
25/02/2008,1.53
26/02/2008,1.44
27/02/2008,1.42
28/02/2008,1.26
29/02/2008,1.1
03/03/2008,1.08
04/03/2008,1.15
05/03/2008,1.16
06/03/2008,1.07
07/03/2008,1.01
10/03/2008,0.9
11/03/2008,1.05
12/03/2008,0.95
13/03/2008,1.05
14/03/2008,1.01
17/03/2008,1.05
18/03/2008,1.08
19/03/2008,1.04
20/03/2008,1.02
21/03/2008,.
24/03/2008,1.24
25/03/2008,1.25
26/03/2008,1.24
27/03/2008,1.23
28/03/2008,1.13
31/03/2008,1.11
01/04/2008,1.22
02/04/2008,1.26
03/04/2008,1.28
04/04/2008,1.18
07/04/2008,1.23
08/04/2008,1.26
09/04/2008,1.19
10/04/2008,1.26
11/04/2008,1.19
14/04/2008,1.23
15/04/2008,1.28
16/04/2008,1.41
17/04/2008,1.44
18/04/2008,1.45
21/04/2008,1.44
22/04/2008,1.43
23/04/2008,1.44
24/04/2008,1.56
25/04/2008,1.6
28/04/2008,1.56
29/04/2008,1.56
30/04/2008,1.5
01/05/2008,1.52
02/05/2008,1.53
05/05/2008,1.53
06/05/2008,1.55
07/05/2008,1.51
08/05/2008,1.43
09/05/2008,1.39
12/05/2008,1.41
13/05/2008,1.51
14/05/2008,1.49
15/05/2008,1.4
16/05/2008,1.41
19/05/2008,1.36
20/05/2008,1.31
21/05/2008,1.3
22/05/2008,1.41
23/05/2008,1.36
26/05/2008,.
27/05/2008,1.46
28/05/2008,1.58
29/05/2008,1.62
30/05/2008,1.58
02/06/2008,1.51
03/06/2008,1.51
04/06/2008,1.59
05/06/2008,1.63
06/06/2008,1.47
09/06/2008,1.54
10/06/2008,1.62
11/06/2008,1.62
12/06/2008,1.73
13/06/2008,1.77
16/06/2008,1.76
17/06/2008,1.75
18/06/2008,1.68
19/06/2008,1.75
20/06/2008,1.72
23/06/2008,1.75
24/06/2008,1.64
25/06/2008,1.65
26/06/2008,1.55
27/06/2008,1.48
30/06/2008,1.48
01/07/2008,1.49
02/07/2008,1.43
03/07/2008,1.42
04/07/2008,.
07/07/2008,1.43
08/07/2008,1.45
09/07/2008,1.39
10/07/2008,1.4
11/07/2008,1.48
14/07/2008,1.43
15/07/2008,1.4
16/07/2008,1.48
17/07/2008,1.6
18/07/2008,1.65
21/07/2008,1.66
22/07/2008,1.71
23/07/2008,1.8
24/07/2008,1.69
25/07/2008,1.79
28/07/2008,1.7
29/07/2008,1.76
30/07/2008,1.71
31/07/2008,1.65
01/08/2008,1.63
04/08/2008,1.64
05/08/2008,1.74
06/08/2008,1.79
07/08/2008,1.68
08/08/2008,1.72
11/08/2008,1.8
12/08/2008,1.72
13/08/2008,1.75
14/08/2008,1.67
15/08/2008,1.66
18/08/2008,1.67
19/08/2008,1.68
20/08/2008,1.6
21/08/2008,1.61
22/08/2008,1.69
25/08/2008,1.64
26/08/2008,1.63
27/08/2008,1.58
28/08/2008,1.62
29/08/2008,1.68
01/09/2008,.
02/09/2008,1.69
03/09/2008,1.71
04/09/2008,1.7
05/09/2008,1.71
08/09/2008,1.68
09/09/2008,1.69
10/09/2008,1.7
11/09/2008,1.67
12/09/2008,1.79
15/09/2008,1.7
16/09/2008,1.85
17/09/2008,1.81
18/09/2008,1.94
19/09/2008,1.85
22/09/2008,1.85
23/09/2008,1.99
24/09/2008,2.05
25/09/2008,2.09
26/09/2008,2.1
29/09/2008,2.03
30/09/2008,2.25
01/10/2008,2.26
02/10/2008,2.17
03/10/2008,2.18
06/10/2008,2.21
07/10/2008,2.32
08/10/2008,2.69
09/10/2008,2.79
10/10/2008,2.97
13/10/2008,.
14/10/2008,3.05
15/10/2008,3.02
16/10/2008,3.02
17/10/2008,2.87
20/10/2008,2.76
21/10/2008,2.63
22/10/2008,2.59
23/10/2008,2.67
24/10/2008,3.02
27/10/2008,3.02
28/10/2008,3.06
29/10/2008,3.05
30/10/2008,3.06
31/10/2008,3.14
03/11/2008,3.09
04/11/2008,2.88
05/11/2008,2.76
06/11/2008,2.81
07/11/2008,2.86
10/11/2008,2.84
11/11/2008,.
12/11/2008,2.79
13/11/2008,2.95
14/11/2008,2.87
17/11/2008,2.85
18/11/2008,2.92
19/11/2008,2.98
20/11/2008,3.06
21/11/2008,3.15
24/11/2008,3.11
25/11/2008,2.79
26/11/2008,2.68
27/11/2008,.
28/11/2008,2.6
01/12/2008,2.38
02/12/2008,2.26
03/12/2008,2.14
04/12/2008,1.98
05/12/2008,2.23
08/12/2008,2.47
09/12/2008,2.41
10/12/2008,2.44
11/12/2008,2.35
12/12/2008,2.43
15/12/2008,2.43
16/12/2008,2.21
17/12/2008,1.86
18/12/2008,1.85
19/12/2008,1.98
22/12/2008,2.01
23/12/2008,2.03
24/12/2008,2.07
25/12/2008,.
26/12/2008,2.03
29/12/2008,2.02
30/12/2008,2.02
31/12/2008,2.14
01/01/2009,.
02/01/2009,2.29
05/01/2009,2.34
06/01/2009,2.09
07/01/2009,2.05
08/01/2009,1.97
09/01/2009,1.87
12/01/2009,1.75
13/01/2009,1.74
14/01/2009,1.79
15/01/2009,1.78
16/01/2009,1.81
19/01/2009,.
20/01/2009,1.82
21/01/2009,1.98
22/01/2009,1.97
23/01/2009,1.93
26/01/2009,1.92
27/01/2009,1.77
28/01/2009,1.81
29/01/2009,1.83
30/01/2009,1.73
02/02/2009,1.69
03/02/2009,1.76
04/02/2009,1.78
05/02/2009,1.84
06/02/2009,1.82
09/02/2009,1.66
10/02/2009,1.65
11/02/2009,1.66
12/02/2009,1.61
13/02/2009,1.68
16/02/2009,.
17/02/2009,1.53
18/02/2009,1.63
19/02/2009,1.73
20/02/2009,1.67
23/02/2009,1.7
24/02/2009,1.82
25/02/2009,1.98
26/02/2009,2.02
27/02/2009,2.06
02/03/2009,2
03/03/2009,2.02
04/03/2009,2.09
05/03/2009,1.98
06/03/2009,2.02
09/03/2009,2.06
10/03/2009,2.15
11/03/2009,2.03
12/03/2009,1.88
13/03/2009,1.87
16/03/2009,1.88
17/03/2009,1.9
18/03/2009,1.28
19/03/2009,1.31
20/03/2009,1.43
23/03/2009,1.4
24/03/2009,1.36
25/03/2009,1.44
26/03/2009,1.3
27/03/2009,1.38
30/03/2009,1.39
31/03/2009,1.43
01/04/2009,1.37
02/04/2009,1.44
03/04/2009,1.53
06/04/2009,1.52
07/04/2009,1.61
08/04/2009,1.57
09/04/2009,1.62
10/04/2009,.
13/04/2009,1.55
14/04/2009,1.52
15/04/2009,1.55
16/04/2009,1.59
17/04/2009,1.7
20/04/2009,1.66
21/04/2009,1.69
22/04/2009,1.65
23/04/2009,1.52
24/04/2009,1.53
27/04/2009,1.48
28/04/2009,1.54
29/04/2009,1.59
30/04/2009,1.69
01/05/2009,1.8
04/05/2009,1.77
05/05/2009,1.77
06/05/2009,1.74
07/05/2009,1.74
08/05/2009,1.77
11/05/2009,1.7
12/05/2009,1.69
13/05/2009,1.67
14/05/2009,1.68
15/05/2009,1.66
18/05/2009,1.66
19/05/2009,1.65
20/05/2009,1.56
21/05/2009,1.67
22/05/2009,1.72
25/05/2009,.
26/05/2009,1.72
27/05/2009,1.83
28/05/2009,1.87
29/05/2009,1.67
01/06/2009,1.8
02/06/2009,1.69
03/06/2009,1.68
04/06/2009,1.83
05/06/2009,1.88
08/06/2009,1.94
09/06/2009,1.88
10/06/2009,1.91
11/06/2009,1.89
12/06/2009,1.91
15/06/2009,1.9
16/06/2009,1.88
17/06/2009,1.95
18/06/2009,1.98
19/06/2009,1.91
22/06/2009,1.89
23/06/2009,1.84
24/06/2009,1.93
25/06/2009,1.82
26/06/2009,1.85
29/06/2009,1.83
30/06/2009,1.78
01/07/2009,1.83
02/07/2009,1.87
03/07/2009,.
06/07/2009,2.03
07/07/2009,1.87
08/07/2009,1.79
09/07/2009,1.87
10/07/2009,1.8
13/07/2009,1.84
14/07/2009,1.86
15/07/2009,1.87
16/07/2009,1.82
17/07/2009,1.81
20/07/2009,1.73
21/07/2009,1.71
22/07/2009,1.75
23/07/2009,1.8
24/07/2009,1.81
27/07/2009,1.85
28/07/2009,1.86
29/07/2009,1.84
30/07/2009,1.78
31/07/2009,1.71
03/08/2009,1.78
04/08/2009,1.81
05/08/2009,1.85
06/08/2009,1.87
07/08/2009,1.88
10/08/2009,1.83
11/08/2009,1.8
12/08/2009,1.84
13/08/2009,1.8
14/08/2009,1.85
17/08/2009,1.79
18/08/2009,1.78
19/08/2009,1.7
20/08/2009,1.6
21/08/2009,1.69
24/08/2009,1.67
25/08/2009,1.72
26/08/2009,1.72
27/08/2009,1.75
28/08/2009,1.76
31/08/2009,1.76
01/09/2009,1.74
02/09/2009,1.71
03/09/2009,1.69
04/09/2009,1.7
07/09/2009,.
08/09/2009,1.66
09/09/2009,1.66
10/09/2009,1.59
11/09/2009,1.59
14/09/2009,1.65
15/09/2009,1.64
16/09/2009,1.62
17/09/2009,1.62
18/09/2009,1.68
21/09/2009,1.69
22/09/2009,1.65
23/09/2009,1.63
24/09/2009,1.64
25/09/2009,1.6
28/09/2009,1.57
29/09/2009,1.59
30/09/2009,1.56
01/10/2009,1.5
02/10/2009,1.54
05/10/2009,1.51
06/10/2009,1.53
07/10/2009,1.45
08/10/2009,1.49
09/10/2009,1.56
12/10/2009,.
13/10/2009,1.46
14/10/2009,1.51
15/10/2009,1.5
16/10/2009,1.45
19/10/2009,1.38
20/10/2009,1.37
21/10/2009,1.43
22/10/2009,1.49
23/10/2009,1.51
26/10/2009,1.59
27/10/2009,1.49
28/10/2009,1.48
29/10/2009,1.5
30/10/2009,1.41
02/11/2009,1.41
03/11/2009,1.45
04/11/2009,1.45
05/11/2009,1.41
06/11/2009,1.37
09/11/2009,1.3
10/11/2009,1.31
11/11/2009,.
12/11/2009,1.33
13/11/2009,1.31
16/11/2009,1.21
17/11/2009,1.2
18/11/2009,1.21
19/11/2009,1.21
20/11/2009,1.21
23/11/2009,1.2
24/11/2009,1.21
25/11/2009,1.16
26/11/2009,.
27/11/2009,1.15
30/11/2009,1.13
01/12/2009,1.14
02/12/2009,1.18
03/12/2009,1.24
04/12/2009,1.34
07/12/2009,1.31
08/12/2009,1.31
09/12/2009,1.36
10/12/2009,1.4
11/12/2009,1.41
14/12/2009,1.37
15/12/2009,1.37
16/12/2009,1.34
17/12/2009,1.28
18/12/2009,1.31
21/12/2009,1.39
22/12/2009,1.43
23/12/2009,1.46
24/12/2009,1.5
25/12/2009,.
28/12/2009,1.5
29/12/2009,1.46
30/12/2009,1.44
31/12/2009,1.48
01/01/2010,.
04/01/2010,1.47
05/01/2010,1.43
06/01/2010,1.48
07/01/2010,1.44
08/01/2010,1.41
11/01/2010,1.47
12/01/2010,1.35
13/01/2010,1.43
14/01/2010,1.4
15/01/2010,1.34
18/01/2010,.
19/01/2010,1.35
20/01/2010,1.31
21/01/2010,1.29
22/01/2010,1.31
25/01/2010,1.33
26/01/2010,1.31
27/01/2010,1.35
28/01/2010,1.35
29/01/2010,1.3
01/02/2010,1.29
02/02/2010,1.26
03/02/2010,1.3
04/02/2010,1.27
05/02/2010,1.32
08/02/2010,1.35
09/02/2010,1.37
10/02/2010,1.44
11/02/2010,1.47
12/02/2010,1.46
15/02/2010,.
16/02/2010,1.42
17/02/2010,1.46
18/02/2010,1.48
19/02/2010,1.52
22/02/2010,1.55
23/02/2010,1.5
24/02/2010,1.51
25/02/2010,1.51
26/02/2010,1.48
01/03/2010,1.46
02/03/2010,1.46
03/03/2010,1.46
04/03/2010,1.44
05/03/2010,1.48
08/03/2010,1.49
09/03/2010,1.48
10/03/2010,1.49
11/03/2010,1.49
12/03/2010,1.45
15/03/2010,1.46
16/03/2010,1.42
17/03/2010,1.4
18/03/2010,1.45
19/03/2010,1.5
22/03/2010,1.48
23/03/2010,1.49
24/03/2010,1.6
25/03/2010,1.65
26/03/2010,1.62
29/03/2010,1.66
30/03/2010,1.66
31/03/2010,1.6
01/04/2010,1.61
02/04/2010,1.69
05/04/2010,1.7
06/04/2010,1.68
07/04/2010,1.55
08/04/2010,1.58
09/04/2010,1.56
12/04/2010,1.52
13/04/2010,1.5
14/04/2010,1.54
15/04/2010,1.49
16/04/2010,1.46
19/04/2010,1.49
20/04/2010,1.47
21/04/2010,1.42
22/04/2010,1.46
23/04/2010,1.47
26/04/2010,1.46
27/04/2010,1.37
28/04/2010,1.4
29/04/2010,1.31
30/04/2010,1.29
03/05/2010,1.32
04/05/2010,1.31
05/05/2010,1.3
06/05/2010,1.25
07/05/2010,1.3
10/05/2010,1.33
11/05/2010,1.31
12/05/2010,1.28
13/05/2010,1.28
14/05/2010,1.26
17/05/2010,1.31
18/05/2010,1.25
19/05/2010,1.32
20/05/2010,1.36
21/05/2010,1.33
24/05/2010,1.35
25/05/2010,1.33
26/05/2010,1.3
27/05/2010,1.33
28/05/2010,1.32
31/05/2010,.
01/06/2010,1.32
02/06/2010,1.36
03/06/2010,1.34
04/06/2010,1.26
07/06/2010,1.25
08/06/2010,1.29
09/06/2010,1.28
10/06/2010,1.35
11/06/2010,1.29
14/06/2010,1.31
15/06/2010,1.32
16/06/2010,1.28
17/06/2010,1.22
18/06/2010,1.25
21/06/2010,1.24
22/06/2010,1.2
23/06/2010,1.19
24/06/2010,1.23
25/06/2010,1.21
28/06/2010,1.17
29/06/2010,1.14
30/06/2010,1.15
01/07/2010,1.21
02/07/2010,1.27
05/07/2010,.
06/07/2010,1.26
07/07/2010,1.3
08/07/2010,1.25
09/07/2010,1.26
12/07/2010,1.26
13/07/2010,1.28
14/07/2010,1.23
15/07/2010,1.21
16/07/2010,1.25
19/07/2010,1.29
20/07/2010,1.28
21/07/2010,1.19
22/07/2010,1.21
23/07/2010,1.24
26/07/2010,1.24
27/07/2010,1.26
28/07/2010,1.22
29/07/2010,1.21
30/07/2010,1.14
02/08/2010,1.13
03/08/2010,1.07
04/08/2010,1.12
05/08/2010,1.07
06/08/2010,1.04
09/08/2010,1.04
10/08/2010,0.95
11/08/2010,0.95
12/08/2010,1.05
13/08/2010,1
16/08/2010,0.95
17/08/2010,1.01
18/08/2010,1.02
19/08/2010,1.02
20/08/2010,1.05
23/08/2010,1.05
24/08/2010,1.01
25/08/2010,1.01
26/08/2010,0.95
27/08/2010,1.05
30/08/2010,0.99
31/08/2010,0.95
01/09/2010,1.02
02/09/2010,1.05
03/09/2010,1.1
06/09/2010,.
07/09/2010,0.98
08/09/2010,1.02
09/09/2010,1.05
10/09/2010,1.02
13/09/2010,0.94
14/09/2010,0.93
15/09/2010,0.97
16/09/2010,1
17/09/2010,1
20/09/2010,0.94
21/09/2010,0.78
22/09/2010,0.74
23/09/2010,0.77
24/09/2010,0.81
27/09/2010,0.79
28/09/2010,0.69
29/09/2010,0.74
30/09/2010,0.75
01/10/2010,0.75
04/10/2010,0.72
05/10/2010,0.65
06/10/2010,0.52
07/10/2010,0.53
08/10/2010,0.45
11/10/2010,.
12/10/2010,0.49
13/10/2010,0.44
14/10/2010,0.41
15/10/2010,0.5
18/10/2010,0.47
19/10/2010,0.44
20/10/2010,0.47
21/10/2010,0.5
22/10/2010,0.5
25/10/2010,0.45
26/10/2010,0.52
27/10/2010,0.62
28/10/2010,0.57
29/10/2010,0.5
01/11/2010,0.49
02/11/2010,0.49
03/11/2010,0.5
04/11/2010,0.44
05/11/2010,0.48
08/11/2010,0.48
09/11/2010,0.58
10/11/2010,0.56
11/11/2010,.
12/11/2010,0.71
15/11/2010,0.87
16/11/2010,0.87
17/11/2010,0.84
18/11/2010,0.83
19/11/2010,0.77
22/11/2010,0.7
23/11/2010,0.69
24/11/2010,0.8
25/11/2010,.
26/11/2010,0.75
29/11/2010,0.73
30/11/2010,0.74
01/12/2010,0.83
02/12/2010,0.84
03/12/2010,0.86
06/12/2010,0.79
07/12/2010,0.92
08/12/2010,1.07
09/12/2010,1.09
10/12/2010,1.16
13/12/2010,1.11
14/12/2010,1.27
15/12/2010,1.22
16/12/2010,1.15
17/12/2010,1.05
20/12/2010,1.07
21/12/2010,1.06
22/12/2010,1.03
23/12/2010,1.08
24/12/2010,.
27/12/2010,1.06
28/12/2010,1.17
29/12/2010,1.06
30/12/2010,1.08
31/12/2010,1
03/01/2011,1.05
04/01/2011,1.01
05/01/2011,1.08
06/01/2011,1.03
07/01/2011,0.98
10/01/2011,0.96
11/01/2011,0.97
12/01/2011,0.98
13/01/2011,0.97
14/01/2011,1
17/01/2011,.
18/01/2011,0.99
19/01/2011,0.99
20/01/2011,1.22
21/01/2011,1.2
24/01/2011,1.18
25/01/2011,1.11
26/01/2011,1.16
27/01/2011,1.16
28/01/2011,1.09
31/01/2011,1.08
01/02/2011,1.11
02/02/2011,1.16
03/02/2011,1.23
04/02/2011,1.3
07/02/2011,1.32
08/02/2011,1.39
09/02/2011,1.34
10/02/2011,1.39
11/02/2011,1.36
14/02/2011,1.34
15/02/2011,1.33
16/02/2011,1.37
17/02/2011,1.31
18/02/2011,1.25
21/02/2011,.
22/02/2011,1.12
23/02/2011,1.1
24/02/2011,1.05
25/02/2011,1.02
28/02/2011,1.03
01/03/2011,1
02/03/2011,1.01
03/03/2011,1.09
04/03/2011,1
07/03/2011,1
08/03/2011,1.01
09/03/2011,0.98
10/03/2011,0.91
11/03/2011,0.96
14/03/2011,0.93
15/03/2011,0.93
16/03/2011,0.85
17/03/2011,0.82
18/03/2011,0.85
21/03/2011,0.9
22/03/2011,0.95
23/03/2011,0.98
24/03/2011,0.95
25/03/2011,1.02
28/03/2011,1.01
29/03/2011,1.03
30/03/2011,1
31/03/2011,0.99
01/04/2011,0.94
04/04/2011,0.91
05/04/2011,0.94
06/04/2011,0.99
07/04/2011,0.99
08/04/2011,0.95
11/04/2011,0.96
12/04/2011,0.9
13/04/2011,0.88
14/04/2011,0.89
15/04/2011,0.82
18/04/2011,0.8
19/04/2011,0.76
20/04/2011,0.82
21/04/2011,0.83
22/04/2011,.
25/04/2011,0.79
26/04/2011,0.76
27/04/2011,0.81
28/04/2011,0.78
29/04/2011,0.75
02/05/2011,0.75
03/05/2011,0.73
04/05/2011,0.7
05/05/2011,0.7
06/05/2011,0.71
09/05/2011,0.69
10/05/2011,0.74
11/05/2011,0.76
12/05/2011,0.79
13/05/2011,0.79
16/05/2011,0.81
17/05/2011,0.82
18/05/2011,0.82
19/05/2011,0.91
20/05/2011,0.85
23/05/2011,0.84
24/05/2011,0.79
25/05/2011,0.8
26/05/2011,0.76
27/05/2011,0.79
30/05/2011,.
31/05/2011,0.8
01/06/2011,0.74
02/06/2011,0.78
03/06/2011,0.75
06/06/2011,0.76
07/06/2011,0.76
08/06/2011,0.76
09/06/2011,0.8
10/06/2011,0.79
13/06/2011,0.8
14/06/2011,0.83
15/06/2011,0.74
16/06/2011,0.73
17/06/2011,0.75
20/06/2011,0.79
21/06/2011,0.78
22/06/2011,0.82
23/06/2011,0.71
24/06/2011,0.64
27/06/2011,0.67
28/06/2011,0.73
29/06/2011,0.74
30/06/2011,0.75
01/07/2011,0.77
04/07/2011,.
05/07/2011,0.77
06/07/2011,0.74
07/07/2011,0.75
08/07/2011,0.69
11/07/2011,0.63
12/07/2011,0.6
13/07/2011,0.59
14/07/2011,0.68
15/07/2011,0.61
18/07/2011,0.58
19/07/2011,0.54
20/07/2011,0.62
21/07/2011,0.68
22/07/2011,0.61
25/07/2011,0.58
26/07/2011,0.57
27/07/2011,0.56
28/07/2011,0.52
29/07/2011,0.38
01/08/2011,0.33
02/08/2011,0.29
03/08/2011,0.36
04/08/2011,0.24
05/08/2011,0.32
08/08/2011,0.2
09/08/2011,0
10/08/2011,-0.13
11/08/2011,0.06
12/08/2011,-0.02
15/08/2011,0.06
16/08/2011,0.05
17/08/2011,0.01
18/08/2011,0.09
19/08/2011,0.02
22/08/2011,0.03
23/08/2011,0.13
24/08/2011,0.25
25/08/2011,0.13
26/08/2011,0.15
29/08/2011,0.22
30/08/2011,0.14
31/08/2011,0.18
01/09/2011,0.07
02/09/2011,0
05/09/2011,.
06/09/2011,0.05
07/09/2011,0.09
08/09/2011,0
09/09/2011,-0.03
12/09/2011,0
13/09/2011,0.07
14/09/2011,0.12
15/09/2011,0.13
16/09/2011,0.13
19/09/2011,0.09
20/09/2011,0.04
21/09/2011,0.02
22/09/2011,0.01
23/09/2011,0.1
26/09/2011,0.12
27/09/2011,0.12
28/09/2011,0.16
29/09/2011,0.17
30/09/2011,0.17
03/10/2011,0.07
04/10/2011,0.05
05/10/2011,0.12
06/10/2011,0.13
07/10/2011,0.16
10/10/2011,.
11/10/2011,0.23
12/10/2011,0.26
13/10/2011,0.27
14/10/2011,0.28
17/10/2011,0.24
18/10/2011,0.22
19/10/2011,0.23
20/10/2011,0.22
21/10/2011,0.23
24/10/2011,0.23
25/10/2011,0.12
26/10/2011,0.15
27/10/2011,0.24
28/10/2011,0.19
31/10/2011,0.08
01/11/2011,-0.04
02/11/2011,-0.07
03/11/2011,0
04/11/2011,-0.06
07/11/2011,-0.1
08/11/2011,-0.03
09/11/2011,-0.04
10/11/2011,-0.04
11/11/2011,.
14/11/2011,-0.01
15/11/2011,0.04
16/11/2011,0.05
17/11/2011,0.06
18/11/2011,0.05
21/11/2011,0.07
22/11/2011,0.05
23/11/2011,-0.01
24/11/2011,.
25/11/2011,0.05
28/11/2011,0.02
29/11/2011,0.01
30/11/2011,0.03
01/12/2011,0.06
02/12/2011,0
05/12/2011,-0.01
06/12/2011,0.01
07/12/2011,-0.01
08/12/2011,0.01
09/12/2011,0.05
12/12/2011,-0.01
13/12/2011,-0.05
14/12/2011,-0.04
15/12/2011,-0.01
16/12/2011,-0.05
19/12/2011,-0.12
20/12/2011,-0.1
21/12/2011,-0.07
22/12/2011,-0.07
23/12/2011,-0.04
26/12/2011,.
27/12/2011,-0.02
28/12/2011,-0.07
29/12/2011,-0.05
30/12/2011,-0.07
02/01/2012,.
03/01/2012,-0.04
04/01/2012,-0.08
05/01/2012,-0.1
06/01/2012,-0.11
09/01/2012,-0.13
10/01/2012,-0.08
11/01/2012,-0.1
12/01/2012,-0.1
13/01/2012,-0.14
16/01/2012,.
17/01/2012,-0.17
18/01/2012,-0.15
19/01/2012,0
20/01/2012,0.01
23/01/2012,0.02
24/01/2012,-0.01
25/01/2012,-0.12
26/01/2012,-0.16
27/01/2012,-0.18
30/01/2012,-0.24
31/01/2012,-0.28
01/02/2012,-0.28
02/02/2012,-0.3
03/02/2012,-0.21
06/02/2012,-0.26
07/02/2012,-0.21
08/02/2012,-0.21
09/02/2012,-0.17
10/02/2012,-0.24
13/02/2012,-0.22
14/02/2012,-0.27
15/02/2012,-0.26
16/02/2012,-0.24
17/02/2012,-0.23
20/02/2012,.
21/02/2012,-0.22
22/02/2012,-0.27
23/02/2012,-0.3
24/02/2012,-0.29
27/02/2012,-0.32
28/02/2012,-0.31
29/02/2012,-0.28
01/03/2012,-0.23
02/03/2012,-0.24
05/03/2012,-0.2
06/03/2012,-0.21
07/03/2012,-0.22
08/03/2012,-0.21
09/03/2012,-0.24
12/03/2012,-0.24
13/03/2012,-0.2
14/03/2012,-0.07
15/03/2012,-0.08
16/03/2012,-0.09
19/03/2012,-0.03
20/03/2012,-0.04
21/03/2012,-0.08
22/03/2012,-0.08
23/03/2012,-0.11
26/03/2012,-0.08
27/03/2012,-0.13
28/03/2012,-0.11
29/03/2012,-0.13
30/03/2012,-0.09
02/04/2012,-0.14
03/04/2012,-0.06
04/04/2012,-0.05
05/04/2012,-0.08
06/04/2012,-0.16
09/04/2012,-0.17
10/04/2012,-0.24
11/04/2012,-0.25
12/04/2012,-0.22
13/04/2012,-0.25
16/04/2012,-0.26
17/04/2012,-0.26
18/04/2012,-0.26
19/04/2012,-0.21
20/04/2012,-0.24
23/04/2012,-0.26
24/04/2012,-0.25
25/04/2012,-0.24
26/04/2012,-0.29
27/04/2012,-0.3
30/04/2012,-0.3
01/05/2012,-0.28
02/05/2012,-0.28
03/05/2012,-0.27
04/05/2012,-0.3
07/05/2012,-0.27
08/05/2012,-0.28
09/05/2012,-0.27
10/05/2012,-0.25
11/05/2012,-0.28
14/05/2012,-0.33
15/05/2012,-0.36
16/05/2012,-0.33
17/05/2012,-0.35
18/05/2012,-0.39
21/05/2012,-0.41
22/05/2012,-0.38
23/05/2012,-0.41
24/05/2012,-0.37
25/05/2012,-0.38
28/05/2012,.
29/05/2012,-0.37
30/05/2012,-0.45
31/05/2012,-0.5
01/06/2012,-0.59
04/06/2012,-0.56
05/06/2012,-0.56
06/06/2012,-0.5
07/06/2012,-0.49
08/06/2012,-0.5
11/06/2012,-0.53
12/06/2012,-0.48
13/06/2012,-0.51
14/06/2012,-0.47
15/06/2012,-0.54
18/06/2012,-0.54
19/06/2012,-0.53
20/06/2012,-0.51
21/06/2012,-0.47
22/06/2012,-0.42
25/06/2012,-0.47
26/06/2012,-0.45
27/06/2012,-0.45
28/06/2012,-0.48
29/06/2012,-0.46
02/07/2012,-0.5
03/07/2012,-0.48
04/07/2012,.
05/07/2012,-0.51
06/07/2012,-0.53
09/07/2012,-0.57
10/07/2012,-0.59
11/07/2012,-0.57
12/07/2012,-0.58
13/07/2012,-0.59
16/07/2012,-0.61
17/07/2012,-0.59
18/07/2012,-0.6
19/07/2012,-0.62
20/07/2012,-0.67
23/07/2012,-0.68
24/07/2012,-0.68
25/07/2012,-0.67
26/07/2012,-0.66
27/07/2012,-0.61
30/07/2012,-0.64
31/07/2012,-0.69
01/08/2012,-0.67
02/08/2012,-0.69
03/08/2012,-0.66
06/08/2012,-0.68
07/08/2012,-0.65
08/08/2012,-0.61
09/08/2012,-0.58
10/08/2012,-0.6
13/08/2012,-0.58
14/08/2012,-0.53
15/08/2012,-0.45
16/08/2012,-0.42
17/08/2012,-0.43
20/08/2012,-0.43
21/08/2012,-0.45
22/08/2012,-0.55
23/08/2012,-0.62
24/08/2012,-0.6
27/08/2012,-0.64
28/08/2012,-0.68
29/08/2012,-0.64
30/08/2012,-0.63
31/08/2012,-0.68
03/09/2012,.
04/09/2012,-0.68
05/09/2012,-0.69
06/09/2012,-0.63
07/09/2012,-0.68
10/09/2012,-0.68
11/09/2012,-0.68
12/09/2012,-0.61
13/09/2012,-0.72
14/09/2012,-0.76
17/09/2012,-0.74
18/09/2012,-0.73
19/09/2012,-0.75
20/09/2012,-0.7
21/09/2012,-0.71
24/09/2012,-0.73
25/09/2012,-0.74
26/09/2012,-0.77
27/09/2012,-0.78
28/09/2012,-0.77
01/10/2012,-0.78
02/10/2012,-0.83
03/10/2012,-0.83
04/10/2012,-0.86
05/10/2012,-0.82
08/10/2012,.
09/10/2012,-0.81
10/10/2012,-0.8
11/10/2012,-0.77
12/10/2012,-0.78
15/10/2012,-0.78
16/10/2012,-0.71
17/10/2012,-0.65
18/10/2012,-0.66
19/10/2012,-0.71
22/10/2012,-0.7
23/10/2012,-0.71
24/10/2012,-0.69
25/10/2012,-0.63
26/10/2012,-0.69
29/10/2012,-0.73
30/10/2012,.
31/10/2012,-0.78
01/11/2012,-0.77
02/11/2012,-0.73
05/11/2012,-0.75
06/11/2012,-0.72
07/11/2012,-0.8
08/11/2012,-0.85
09/11/2012,-0.83
12/11/2012,.
13/11/2012,-0.84
14/11/2012,-0.81
15/11/2012,-0.8
16/11/2012,-0.81
19/11/2012,-0.78
20/11/2012,-0.74
21/11/2012,-0.71
22/11/2012,.
23/11/2012,-0.72
26/11/2012,-0.73
27/11/2012,-0.74
28/11/2012,-0.75
29/11/2012,-0.78
30/11/2012,-0.79
03/12/2012,-0.81
04/12/2012,-0.83
05/12/2012,-0.85
06/12/2012,-0.87
07/12/2012,-0.86
10/12/2012,-0.87
11/12/2012,-0.84
12/12/2012,-0.79
13/12/2012,-0.73
14/12/2012,-0.74
17/12/2012,-0.7
18/12/2012,-0.67
19/12/2012,-0.66
20/12/2012,-0.69
21/12/2012,-0.71
24/12/2012,-0.69
25/12/2012,.
26/12/2012,-0.71
27/12/2012,-0.73
28/12/2012,-0.73
31/12/2012,-0.67
01/01/2013,.
02/01/2013,-0.62
03/01/2013,-0.54
04/01/2013,-0.55
07/01/2013,-0.6
08/01/2013,-0.6
09/01/2013,-0.64
10/01/2013,-0.62
11/01/2013,-0.63
14/01/2013,-0.66
15/01/2013,-0.66
16/01/2013,-0.65
17/01/2013,-0.64
18/01/2013,-0.66
21/01/2013,.
22/01/2013,-0.68
23/01/2013,-0.66
24/01/2013,-0.62
25/01/2013,-0.56
28/01/2013,-0.55
29/01/2013,-0.53
30/01/2013,-0.54
31/01/2013,-0.57
01/02/2013,-0.55
04/02/2013,-0.59
05/02/2013,-0.55
06/02/2013,-0.58
07/02/2013,-0.58
08/02/2013,-0.57
11/02/2013,-0.58
12/02/2013,-0.57
13/02/2013,-0.54
14/02/2013,-0.56
15/02/2013,-0.53
18/02/2013,.
19/02/2013,-0.52
20/02/2013,-0.52
21/02/2013,-0.54
22/02/2013,-0.57
25/02/2013,-0.62
26/02/2013,-0.62
27/02/2013,-0.61
28/02/2013,-0.64
01/03/2013,-0.67
04/03/2013,-0.65
05/03/2013,-0.65
06/03/2013,-0.61
07/03/2013,-0.56
08/03/2013,-0.5
11/03/2013,-0.5
12/03/2013,-0.52
13/03/2013,-0.52
14/03/2013,-0.53
15/03/2013,-0.55
18/03/2013,-0.6
19/03/2013,-0.61
20/03/2013,-0.57
21/03/2013,-0.57
22/03/2013,-0.6
25/03/2013,-0.6
26/03/2013,-0.61
27/03/2013,-0.64
28/03/2013,-0.64
29/03/2013,.
01/04/2013,-0.65
02/04/2013,-0.63
03/04/2013,-0.65
04/04/2013,-0.7
05/04/2013,-0.74
08/04/2013,-0.69
09/04/2013,-0.67
10/04/2013,-0.6
11/04/2013,-0.65
12/04/2013,-0.68
15/04/2013,-0.69
16/04/2013,-0.65
17/04/2013,-0.64
18/04/2013,-0.55
19/04/2013,-0.59
22/04/2013,-0.63
23/04/2013,-0.64
24/04/2013,-0.65
25/04/2013,-0.66
26/04/2013,-0.68
29/04/2013,-0.67
30/04/2013,-0.64
01/05/2013,-0.64
02/05/2013,-0.62
03/05/2013,-0.53
06/05/2013,-0.51
07/05/2013,-0.5
08/05/2013,-0.48
09/05/2013,-0.5
10/05/2013,-0.45
13/05/2013,-0.41
14/05/2013,-0.37
15/05/2013,-0.36
16/05/2013,-0.4
17/05/2013,-0.31
20/05/2013,-0.31
21/05/2013,-0.34
22/05/2013,-0.24
23/05/2013,-0.24
24/05/2013,-0.26
27/05/2013,.
28/05/2013,-0.14
29/05/2013,-0.1
30/05/2013,-0.05
31/05/2013,-0.05
03/06/2013,-0.07
04/06/2013,-0.05
05/06/2013,-0.06
06/06/2013,-0.05
07/06/2013,0.03
10/06/2013,0.11
11/06/2013,0.13
12/06/2013,0.21
13/06/2013,0.15
14/06/2013,0.09
17/06/2013,0.15
18/06/2013,0.14
19/06/2013,0.29
20/06/2013,0.46
21/06/2013,0.59
24/06/2013,0.64
25/06/2013,0.64
26/06/2013,0.6
27/06/2013,0.5
28/06/2013,0.53
01/07/2013,0.48
02/07/2013,0.44
03/07/2013,0.48
04/07/2013,.
05/07/2013,0.66
08/07/2013,0.58
09/07/2013,0.59
10/07/2013,0.64
11/07/2013,0.56
12/07/2013,0.55
15/07/2013,0.47
16/07/2013,0.41
17/07/2013,0.38
18/07/2013,0.38
19/07/2013,0.29
22/07/2013,0.28
23/07/2013,0.33
24/07/2013,0.44
25/07/2013,0.44
26/07/2013,0.43
29/07/2013,0.45
30/07/2013,0.46
31/07/2013,0.38
01/08/2013,0.48
02/08/2013,0.42
05/08/2013,0.42
06/08/2013,0.39
07/08/2013,0.35
08/08/2013,0.34
09/08/2013,0.33
12/08/2013,0.37
13/08/2013,0.48
14/08/2013,0.5
15/08/2013,0.6
16/08/2013,0.68
19/08/2013,0.75
20/08/2013,0.67
21/08/2013,0.73
22/08/2013,0.79
23/08/2013,0.69
26/08/2013,0.64
27/08/2013,0.57
28/08/2013,0.63
29/08/2013,0.65
30/08/2013,0.68
02/09/2013,.
03/09/2013,0.76
04/09/2013,0.83
05/09/2013,0.92
06/09/2013,0.87
09/09/2013,0.84
10/09/2013,0.86
11/09/2013,0.8
12/09/2013,0.81
13/09/2013,0.8
16/09/2013,0.76
17/09/2013,0.7
18/09/2013,0.49
19/09/2013,0.55
20/09/2013,0.52
23/09/2013,0.46
24/09/2013,0.48
25/09/2013,0.45
26/09/2013,0.47
27/09/2013,0.46
30/09/2013,0.45
01/10/2013,0.46
02/10/2013,0.43
03/10/2013,0.43
04/10/2013,0.46
07/10/2013,0.45
08/10/2013,0.48
09/10/2013,0.47
10/10/2013,0.5
11/10/2013,0.5
14/10/2013,.
15/10/2013,0.54
16/10/2013,0.5
17/10/2013,0.45
18/10/2013,0.42
21/10/2013,0.44
22/10/2013,0.37
23/10/2013,0.36
24/10/2013,0.36
25/10/2013,0.34
28/10/2013,0.35
29/10/2013,0.35
30/10/2013,0.37
31/10/2013,0.4
01/11/2013,0.5
04/11/2013,0.5
05/11/2013,0.55
06/11/2013,0.48
07/11/2013,0.46
08/11/2013,0.59
11/11/2013,.
12/11/2013,0.62
13/11/2013,0.58
14/11/2013,0.51
15/11/2013,0.53
18/11/2013,0.48
19/11/2013,0.53
20/11/2013,0.64
21/11/2013,0.6
22/11/2013,0.56
25/11/2013,0.56
26/11/2013,0.54
27/11/2013,0.58
28/11/2013,.
29/11/2013,0.6
02/12/2013,0.66
03/12/2013,0.64
04/12/2013,0.73
05/12/2013,0.76
06/12/2013,0.77
09/12/2013,0.74
10/12/2013,0.69
11/12/2013,0.71
12/12/2013,0.75
13/12/2013,0.72
16/12/2013,0.71
17/12/2013,0.67
18/12/2013,0.72
19/12/2013,0.79
20/12/2013,0.73
23/12/2013,0.76
24/12/2013,0.8
25/12/2013,.
26/12/2013,0.8
27/12/2013,0.8
30/12/2013,0.76
31/12/2013,0.8
01/01/2014,.
02/01/2014,0.74
03/01/2014,0.75
06/01/2014,0.72
07/01/2014,0.7
08/01/2014,0.72
09/01/2014,0.66
10/01/2014,0.59
13/01/2014,0.57
14/01/2014,0.62
15/01/2014,0.62
16/01/2014,0.61
17/01/2014,0.58
20/01/2014,.
21/01/2014,0.59
22/01/2014,0.62
23/01/2014,0.66
24/01/2014,0.61
27/01/2014,0.64
28/01/2014,0.62
29/01/2014,0.55
30/01/2014,0.57
31/01/2014,0.53
03/02/2014,0.47
04/02/2014,0.51
05/02/2014,0.56
06/02/2014,0.57
07/02/2014,0.53
10/02/2014,0.51
11/02/2014,0.56
12/02/2014,0.59
13/02/2014,0.56
14/02/2014,0.59
17/02/2014,.
18/02/2014,0.57
19/02/2014,0.6
20/02/2014,0.63
21/02/2014,0.61
24/02/2014,0.59
25/02/2014,0.55
26/02/2014,0.51
27/02/2014,0.49
28/02/2014,0.49
03/03/2014,0.44
04/03/2014,0.52
05/03/2014,0.52
06/03/2014,0.53
07/03/2014,0.57
10/03/2014,0.57
11/03/2014,0.57
12/03/2014,0.54
13/03/2014,0.49
14/03/2014,0.48
17/03/2014,0.52
18/03/2014,0.5
19/03/2014,0.62
20/03/2014,0.66
21/03/2014,0.61
24/03/2014,0.59
25/03/2014,0.61
26/03/2014,0.57
27/03/2014,0.56
28/03/2014,0.6
31/03/2014,0.6
01/04/2014,0.63
02/04/2014,0.68
03/04/2014,0.66
04/04/2014,0.61
07/04/2014,0.59
08/04/2014,0.58
09/04/2014,0.57
10/04/2014,0.51
11/04/2014,0.5
14/04/2014,0.52
15/04/2014,0.5
16/04/2014,0.48
17/04/2014,0.52
18/04/2014,.
21/04/2014,0.53
22/04/2014,0.52
23/04/2014,0.49
24/04/2014,0.49
25/04/2014,0.48
28/04/2014,0.52
29/04/2014,0.53
30/04/2014,0.49
01/05/2014,0.43
02/05/2014,0.41
05/05/2014,0.45
06/05/2014,0.45
07/05/2014,0.42
08/05/2014,0.42
09/05/2014,0.44
12/05/2014,0.48
13/05/2014,0.45
14/05/2014,0.37
15/05/2014,0.31
16/05/2014,0.34
19/05/2014,0.37
20/05/2014,0.35
21/05/2014,0.36
22/05/2014,0.35
23/05/2014,0.32
26/05/2014,.
27/05/2014,0.31
28/05/2014,0.22
29/05/2014,0.22
30/05/2014,0.26
02/06/2014,0.32
03/06/2014,0.41
04/06/2014,0.44
05/06/2014,0.41
06/06/2014,0.4
09/06/2014,0.41
10/06/2014,0.43
11/06/2014,0.43
12/06/2014,0.39
13/06/2014,0.41
16/06/2014,0.41
17/06/2014,0.43
18/06/2014,0.38
19/06/2014,0.39
20/06/2014,0.35
23/06/2014,0.35
24/06/2014,0.31
25/06/2014,0.29
26/06/2014,0.26
27/06/2014,0.27
30/06/2014,0.27
01/07/2014,0.32
02/07/2014,0.38
03/07/2014,0.37
04/07/2014,.
07/07/2014,0.36
08/07/2014,0.31
09/07/2014,0.28
10/07/2014,0.27
11/07/2014,0.25
14/07/2014,0.28
15/07/2014,0.31
16/07/2014,0.32
17/07/2014,0.24
18/07/2014,0.26
21/07/2014,0.25
22/07/2014,0.25
23/07/2014,0.25
24/07/2014,0.25
25/07/2014,0.2
28/07/2014,0.22
29/07/2014,0.2
30/07/2014,0.29
31/07/2014,0.29
01/08/2014,0.25
04/08/2014,0.26
05/08/2014,0.25
06/08/2014,0.24
07/08/2014,0.19
08/08/2014,0.19
11/08/2014,0.19
12/08/2014,0.22
13/08/2014,0.2
14/08/2014,0.19
15/08/2014,0.16
18/08/2014,0.21
19/08/2014,0.23
20/08/2014,0.26
21/08/2014,0.24
22/08/2014,0.26
25/08/2014,0.24
26/08/2014,0.25
27/08/2014,0.23
28/08/2014,0.21
29/08/2014,0.23
01/09/2014,.
02/09/2014,0.27
03/09/2014,0.24
04/09/2014,0.28
05/09/2014,0.31
08/09/2014,0.35
09/09/2014,0.39
10/09/2014,0.44
11/09/2014,0.42
12/09/2014,0.49
15/09/2014,0.47
16/09/2014,0.48
17/09/2014,0.56
18/09/2014,0.61
19/09/2014,0.56
22/09/2014,0.58
23/09/2014,0.52
24/09/2014,0.54
25/09/2014,0.5
26/09/2014,0.57
29/09/2014,0.55
30/09/2014,0.55
01/10/2014,0.46
02/10/2014,0.49
03/10/2014,0.52
06/10/2014,0.5
07/10/2014,0.44
08/10/2014,0.39
09/10/2014,0.37
10/10/2014,0.35
13/10/2014,.
14/10/2014,0.29
15/10/2014,0.29
16/10/2014,0.28
17/10/2014,0.3
20/10/2014,0.29
21/10/2014,0.33
22/10/2014,0.34
23/10/2014,0.38
24/10/2014,0.39
27/10/2014,0.38
28/10/2014,0.39
29/10/2014,0.42
30/10/2014,0.42
31/10/2014,0.43
03/11/2014,0.43
04/11/2014,0.43
05/11/2014,0.43
06/11/2014,0.45
07/11/2014,0.38
10/11/2014,0.44
11/11/2014,.
12/11/2014,0.46
13/11/2014,0.47
14/11/2014,0.43
17/11/2014,0.48
18/11/2014,0.48
19/11/2014,0.53
20/11/2014,0.49
21/11/2014,0.45
24/11/2014,0.44
25/11/2014,0.42
26/11/2014,0.42
27/11/2014,.
28/11/2014,0.39
01/12/2014,0.43
02/12/2014,0.51
03/12/2014,0.5
04/12/2014,0.48
05/12/2014,0.56
08/12/2014,0.55
09/12/2014,0.49
10/12/2014,0.47
11/12/2014,0.49
12/12/2014,0.46
15/12/2014,0.5
16/12/2014,0.42
17/12/2014,0.49
18/12/2014,0.57
19/12/2014,0.49
22/12/2014,0.47
23/12/2014,0.56
24/12/2014,0.59
25/12/2014,.
26/12/2014,0.58
29/12/2014,0.57
30/12/2014,0.56
31/12/2014,0.49
01/01/2015,.
02/01/2015,0.41
05/01/2015,0.4
06/01/2015,0.41
07/01/2015,0.39
08/01/2015,0.41
09/01/2015,0.36
12/01/2015,0.35
13/01/2015,0.37
14/01/2015,0.29
15/01/2015,0.19
16/01/2015,0.23
19/01/2015,.
20/01/2015,0.23
21/01/2015,0.26
22/01/2015,0.29
23/01/2015,0.21
26/01/2015,0.22
27/01/2015,0.17
28/01/2015,0.12
29/01/2015,0.15
30/01/2015,0.03
02/02/2015,0.03
03/02/2015,0.09
04/02/2015,0.1
05/02/2015,0.13
06/02/2015,0.24
09/02/2015,0.25
10/02/2015,0.31
11/02/2015,0.32
12/02/2015,0.33
13/02/2015,0.34
16/02/2015,.
17/02/2015,0.43
18/02/2015,0.36
19/02/2015,0.37
20/02/2015,0.38
23/02/2015,0.34
24/02/2015,0.27
25/02/2015,0.24
26/02/2015,0.24
27/02/2015,0.17
02/03/2015,0.25
03/03/2015,0.26
04/03/2015,0.25
05/03/2015,0.27
06/03/2015,0.41
09/03/2015,0.44
10/03/2015,0.41
11/03/2015,0.39
12/03/2015,0.39
13/03/2015,0.44
16/03/2015,0.45
17/03/2015,0.42
18/03/2015,0.23
19/03/2015,0.19
20/03/2015,0.17
23/03/2015,0.17
24/03/2015,0.11
25/03/2015,0.12
26/03/2015,0.21
27/03/2015,0.19
30/03/2015,0.23
31/03/2015,0.18
01/04/2015,0.07
02/04/2015,0.11
03/04/2015,0.02
06/04/2015,0.07
07/04/2015,0.04
08/04/2015,0.08
09/04/2015,0.13
10/04/2015,0.14
13/04/2015,0.14
14/04/2015,0.1
15/04/2015,0.07
16/04/2015,0.05
17/04/2015,-0.02
20/04/2015,0.01
21/04/2015,0.06
22/04/2015,0.12
23/04/2015,0.07
24/04/2015,0.04
27/04/2015,0.03
28/04/2015,0.11
29/04/2015,0.14
30/04/2015,0.11
01/05/2015,0.18
04/05/2015,0.24
05/05/2015,0.25
06/05/2015,0.34
07/05/2015,0.3
08/05/2015,0.28
11/05/2015,0.4
12/05/2015,0.4
13/05/2015,0.41
14/05/2015,0.36
15/05/2015,0.31
18/05/2015,0.37
19/05/2015,0.42
20/05/2015,0.38
21/05/2015,0.35
22/05/2015,0.34
25/05/2015,.
26/05/2015,0.32
27/05/2015,0.34
28/05/2015,0.33
29/05/2015,0.32
01/06/2015,0.39
02/06/2015,0.44
03/06/2015,0.55
04/06/2015,0.5
05/06/2015,0.55
08/06/2015,0.54
09/06/2015,0.56
10/06/2015,0.63
11/06/2015,0.56
12/06/2015,0.55
15/06/2015,0.51
16/06/2015,0.44
17/06/2015,0.42
18/06/2015,0.46
19/06/2015,0.4
22/06/2015,0.47
23/06/2015,0.5
24/06/2015,0.48
25/06/2015,0.49
26/06/2015,0.57
29/06/2015,0.46
30/06/2015,0.48
01/07/2015,0.54
02/07/2015,0.49
03/07/2015,.
06/07/2015,0.43
07/07/2015,0.4
08/07/2015,0.39
09/07/2015,0.47
10/07/2015,0.55
13/07/2015,0.58
14/07/2015,0.56
15/07/2015,0.52
16/07/2015,0.52
17/07/2015,0.51
20/07/2015,0.56
21/07/2015,0.53
22/07/2015,0.53
23/07/2015,0.49
24/07/2015,0.51
27/07/2015,0.5
28/07/2015,0.51
29/07/2015,0.52
30/07/2015,0.51
31/07/2015,0.46
03/08/2015,0.46
04/08/2015,0.52
05/08/2015,0.58
06/08/2015,0.56
07/08/2015,0.52
10/08/2015,0.55
11/08/2015,0.49
12/08/2015,0.52
13/08/2015,0.57
14/08/2015,0.58
17/08/2015,0.58
18/08/2015,0.62
19/08/2015,0.55
20/08/2015,0.53
21/08/2015,0.52
24/08/2015,0.52
25/08/2015,0.59
26/08/2015,0.65
27/08/2015,0.6
28/08/2015,0.58
31/08/2015,0.58
01/09/2015,0.6
02/09/2015,0.64
03/09/2015,0.64
04/09/2015,0.62
07/09/2015,.
08/09/2015,0.67
09/09/2015,0.65
10/09/2015,0.64
11/09/2015,0.61
14/09/2015,0.62
15/09/2015,0.72
16/09/2015,0.73
17/09/2015,0.63
18/09/2015,0.58
21/09/2015,0.66
22/09/2015,0.63
23/09/2015,0.64
24/09/2015,0.64
25/09/2015,0.71
28/09/2015,0.71
29/09/2015,0.66
30/09/2015,0.65
01/10/2015,0.59
02/10/2015,0.51
05/10/2015,0.56
06/10/2015,0.53
07/10/2015,0.53
08/10/2015,0.54
09/10/2015,0.58
12/10/2015,.
13/10/2015,0.54
14/10/2015,0.5
15/10/2015,0.54
16/10/2015,0.56
19/10/2015,0.59
20/10/2015,0.6
21/10/2015,0.59
22/10/2015,0.57
23/10/2015,0.58
26/10/2015,0.59
27/10/2015,0.57
28/10/2015,0.63
29/10/2015,0.67
30/10/2015,0.63
02/11/2015,0.65
03/11/2015,0.65
04/11/2015,0.68
05/11/2015,0.71
06/11/2015,0.75
09/11/2015,0.76
10/11/2015,0.77
11/11/2015,.
12/11/2015,0.78
13/11/2015,0.76
16/11/2015,0.76
17/11/2015,0.72
18/11/2015,0.71
19/11/2015,0.68
20/11/2015,0.66
23/11/2015,0.64
24/11/2015,0.62
25/11/2015,0.62
26/11/2015,.
27/11/2015,0.62
30/11/2015,0.62
01/12/2015,0.58
02/12/2015,0.62
03/12/2015,0.72
04/12/2015,0.68
07/12/2015,0.67
08/12/2015,0.68
09/12/2015,0.69
10/12/2015,0.73
11/12/2015,0.67
14/12/2015,0.78
15/12/2015,0.8
16/12/2015,0.84
17/12/2015,0.77
18/12/2015,0.73
21/12/2015,0.75
22/12/2015,0.78
23/12/2015,0.76
24/12/2015,0.73
25/12/2015,.
28/12/2015,0.74
29/12/2015,0.79
30/12/2015,0.77
31/12/2015,0.73
01/01/2016,.
04/01/2016,0.69
05/01/2016,0.69
06/01/2016,0.65
07/01/2016,0.66
08/01/2016,0.65
11/01/2016,0.72
12/01/2016,0.69
13/01/2016,0.65
14/01/2016,0.67
15/01/2016,0.67
18/01/2016,.
19/01/2016,0.68
20/01/2016,0.69
21/01/2016,0.74
22/01/2016,0.72
25/01/2016,0.69
26/01/2016,0.65
27/01/2016,0.62
28/01/2016,0.58
29/01/2016,0.53
01/02/2016,0.57
02/02/2016,0.51
03/02/2016,0.5
04/02/2016,0.51
05/02/2016,0.53
08/02/2016,0.52
09/02/2016,0.53
10/02/2016,0.5
11/02/2016,0.45
12/02/2016,0.49
15/02/2016,.
16/02/2016,0.53
17/02/2016,0.53
18/02/2016,0.51
19/02/2016,0.5
22/02/2016,0.46
23/02/2016,0.42
24/02/2016,0.39
25/02/2016,0.32
26/02/2016,0.35
29/02/2016,0.32
01/03/2016,0.35
02/03/2016,0.33
03/03/2016,0.3
04/03/2016,0.37
07/03/2016,0.43
08/03/2016,0.37
09/03/2016,0.39
10/03/2016,0.45
11/03/2016,0.44
14/03/2016,0.45
15/03/2016,0.47
16/03/2016,0.36
17/03/2016,0.34
18/03/2016,0.27
21/03/2016,0.28
22/03/2016,0.31
23/03/2016,0.3
24/03/2016,0.34
25/03/2016,.
28/03/2016,0.33
29/03/2016,0.2
30/03/2016,0.18
31/03/2016,0.16
01/04/2016,0.17
04/04/2016,0.14
05/04/2016,0.14
06/04/2016,0.17
07/04/2016,0.12
08/04/2016,0.14
11/04/2016,0.17
12/04/2016,0.22
13/04/2016,0.21
14/04/2016,0.24
15/04/2016,0.2
18/04/2016,0.21
19/04/2016,0.19
20/04/2016,0.23
21/04/2016,0.24
22/04/2016,0.25
25/04/2016,0.26
26/04/2016,0.27
27/04/2016,0.19
28/04/2016,0.12
29/04/2016,0.12
02/05/2016,0.2
03/05/2016,0.17
04/05/2016,0.16
05/05/2016,0.13
06/05/2016,0.18
09/05/2016,0.18
10/05/2016,0.15
11/05/2016,0.14
12/05/2016,0.15
13/05/2016,0.13
16/05/2016,0.15
17/05/2016,0.15
18/05/2016,0.26
19/05/2016,0.29
20/05/2016,0.29
23/05/2016,0.3
24/05/2016,0.31
25/05/2016,0.29
26/05/2016,0.25
27/05/2016,0.27
30/05/2016,.
31/05/2016,0.3
01/06/2016,0.31
02/06/2016,0.27
03/06/2016,0.19
06/06/2016,0.19
07/06/2016,0.15
08/06/2016,0.12
09/06/2016,0.12
10/06/2016,0.12
13/06/2016,0.15
14/06/2016,0.17
15/06/2016,0.13
16/06/2016,0.15
17/06/2016,0.2
20/06/2016,0.24
21/06/2016,0.28
22/06/2016,0.25
23/06/2016,0.24
24/06/2016,0.15
27/06/2016,0.12
28/06/2016,0.09
29/06/2016,0.1
30/06/2016,0.09
01/07/2016,0.03
04/07/2016,.
05/07/2016,-0.03
06/07/2016,-0.05
07/07/2016,-0.03
08/07/2016,-0.06
11/07/2016,0.01
12/07/2016,0.07
13/07/2016,0.03
14/07/2016,0.08
15/07/2016,0.11
18/07/2016,0.1
19/07/2016,0.12
20/07/2016,0.13
21/07/2016,0.05
22/07/2016,0.06
25/07/2016,0.08
26/07/2016,0.07
27/07/2016,0.03
28/07/2016,0
29/07/2016,-0.03
01/08/2016,0.05
02/08/2016,0.11
03/08/2016,0.09
04/08/2016,0.04
05/08/2016,0.09
08/08/2016,0.08
09/08/2016,0.06
10/08/2016,0.06
11/08/2016,0.1
12/08/2016,0.07
15/08/2016,0.1
16/08/2016,0.13
17/08/2016,0.09
18/08/2016,0.06
19/08/2016,0.1
22/08/2016,0.08
23/08/2016,0.07
24/08/2016,0.08
25/08/2016,0.09
26/08/2016,0.15
29/08/2016,0.11
30/08/2016,0.11
31/08/2016,0.11
01/09/2016,0.12
02/09/2016,0.13
05/09/2016,.
06/09/2016,0.06
07/09/2016,0.03
08/09/2016,0.09
09/09/2016,0.17
12/09/2016,0.17
13/09/2016,0.24
14/09/2016,0.21
15/09/2016,0.22
16/09/2016,0.19
19/09/2016,0.2
20/09/2016,0.2
21/09/2016,0.15
22/09/2016,0.08
23/09/2016,0.05
26/09/2016,0.05
27/09/2016,0.04
28/09/2016,0.01
29/09/2016,0.02
30/09/2016,0
03/10/2016,0
04/10/2016,0.07
05/10/2016,0.1
06/10/2016,0.11
07/10/2016,0.1
10/10/2016,.
11/10/2016,0.13
12/10/2016,0.15
13/10/2016,0.12
14/10/2016,0.13
17/10/2016,0.09
18/10/2016,0.09
19/10/2016,0.08
20/10/2016,0.08
21/10/2016,0.07
24/10/2016,0.11
25/10/2016,0.07
26/10/2016,0.08
27/10/2016,0.13
28/10/2016,0.13
31/10/2016,0.11
01/11/2016,0.11
02/11/2016,0.11
03/11/2016,0.14
04/11/2016,0.11
07/11/2016,0.12
08/11/2016,0.15
09/11/2016,0.25
10/11/2016,0.27
11/11/2016,.
14/11/2016,0.4
15/11/2016,0.41
16/11/2016,0.39
17/11/2016,0.42
18/11/2016,0.44
21/11/2016,0.42
22/11/2016,0.41
23/11/2016,0.44
24/11/2016,.
25/11/2016,0.47
28/11/2016,0.47
29/11/2016,0.44
30/11/2016,0.43
01/12/2016,0.48
02/12/2016,0.49
05/12/2016,0.45
06/12/2016,0.44
07/12/2016,0.42
08/12/2016,0.45
09/12/2016,0.51
12/12/2016,0.51
13/12/2016,0.53
14/12/2016,0.6
15/12/2016,0.7
16/12/2016,0.74
19/12/2016,0.68
20/12/2016,0.67
21/12/2016,0.64
22/12/2016,0.6
23/12/2016,0.58
26/12/2016,.
27/12/2016,0.58
28/12/2016,0.56
29/12/2016,0.55
30/12/2016,0.5
02/01/2017,.
03/01/2017,0.47
04/01/2017,0.47
05/01/2017,0.42
06/01/2017,0.46
09/01/2017,0.43
10/01/2017,0.43
11/01/2017,0.39
12/01/2017,0.38
13/01/2017,0.41
16/01/2017,.
17/01/2017,0.36
18/01/2017,0.42
19/01/2017,0.43
20/01/2017,0.44
23/01/2017,0.39
24/01/2017,0.41
25/01/2017,0.45
26/01/2017,0.43
27/01/2017,0.41
30/01/2017,0.42
31/01/2017,0.4
01/02/2017,0.43
02/02/2017,0.43
03/02/2017,0.44
06/02/2017,0.4
07/02/2017,0.4
08/02/2017,0.38
09/02/2017,0.41
10/02/2017,0.4
13/02/2017,0.43
14/02/2017,0.46
15/02/2017,0.45
16/02/2017,0.43
17/02/2017,0.41
20/02/2017,.
21/02/2017,0.4
22/02/2017,0.38
23/02/2017,0.35
24/02/2017,0.31
27/02/2017,0.35
28/02/2017,0.34
01/03/2017,0.43
02/03/2017,0.48
03/03/2017,0.45
06/03/2017,0.48
07/03/2017,0.49
08/03/2017,0.56
09/03/2017,0.6
10/03/2017,0.57
13/03/2017,0.61
14/03/2017,0.61
15/03/2017,0.5
16/03/2017,0.51
17/03/2017,0.49
20/03/2017,0.47
21/03/2017,0.45
22/03/2017,0.43
23/03/2017,0.46
24/03/2017,0.42
27/03/2017,0.41
28/03/2017,0.45
29/03/2017,0.41
30/03/2017,0.46
31/03/2017,0.43
03/04/2017,0.39
04/04/2017,0.4
05/04/2017,0.37
06/04/2017,0.39
07/04/2017,0.44
10/04/2017,0.44
11/04/2017,0.41
12/04/2017,0.38
13/04/2017,0.32
14/04/2017,.
17/04/2017,0.38
18/04/2017,0.33
19/04/2017,0.36
20/04/2017,0.39
21/04/2017,0.4
24/04/2017,0.41
25/04/2017,0.44
26/04/2017,0.42
27/04/2017,0.39
28/04/2017,0.37
01/05/2017,0.41
02/05/2017,0.41
03/05/2017,0.46
04/05/2017,0.5
05/05/2017,0.5
08/05/2017,0.53
09/05/2017,0.56
10/05/2017,0.56
11/05/2017,0.51
12/05/2017,0.49
15/05/2017,0.52
16/05/2017,0.51
17/05/2017,0.44
18/05/2017,0.43
19/05/2017,0.41
22/05/2017,0.43
23/05/2017,0.46
24/05/2017,0.45
25/05/2017,0.45
26/05/2017,0.44
29/05/2017,.
30/05/2017,0.4
31/05/2017,0.4
01/06/2017,0.4
02/06/2017,0.36
05/06/2017,0.39
06/06/2017,0.37
07/06/2017,0.4
08/06/2017,0.41
09/06/2017,0.43
12/06/2017,0.46
13/06/2017,0.46
14/06/2017,0.44
15/06/2017,0.49
16/06/2017,0.49
19/06/2017,0.52
20/06/2017,0.5
21/06/2017,0.5
22/06/2017,0.46
23/06/2017,0.45
26/06/2017,0.43
27/06/2017,0.5
28/06/2017,0.49
29/06/2017,0.55
30/06/2017,0.58
03/07/2017,0.6
04/07/2017,.
05/07/2017,0.58
06/07/2017,0.61
07/07/2017,0.66
10/07/2017,0.66
11/07/2017,0.62
12/07/2017,0.57
13/07/2017,0.58
14/07/2017,0.57
17/07/2017,0.54
18/07/2017,0.51
19/07/2017,0.51
20/07/2017,0.5
21/07/2017,0.48
24/07/2017,0.48
25/07/2017,0.52
26/07/2017,0.49
27/07/2017,0.49
28/07/2017,0.47
31/07/2017,0.48
01/08/2017,0.47
02/08/2017,0.48
03/08/2017,0.46
04/08/2017,0.47
07/08/2017,0.46
08/08/2017,0.46
09/08/2017,0.42
10/08/2017,0.4
11/08/2017,0.4
14/08/2017,0.45
15/08/2017,0.49
16/08/2017,0.45
17/08/2017,0.42
18/08/2017,0.43
21/08/2017,0.43
22/08/2017,0.45
23/08/2017,0.42
24/08/2017,0.44
25/08/2017,0.42
28/08/2017,0.41
29/08/2017,0.39
30/08/2017,0.39
31/08/2017,0.36
01/09/2017,0.37
04/09/2017,.
05/09/2017,0.3
06/09/2017,0.32
07/09/2017,0.26
08/09/2017,0.25
11/09/2017,0.31
12/09/2017,0.33
13/09/2017,0.35
14/09/2017,0.35
15/09/2017,0.35
18/09/2017,0.36
19/09/2017,0.37
20/09/2017,0.43
21/09/2017,0.44
22/09/2017,0.42
25/09/2017,0.38
26/09/2017,0.4
27/09/2017,0.44
28/09/2017,0.44
29/09/2017,0.49
02/10/2017,0.51
03/10/2017,0.49
04/10/2017,0.48
05/10/2017,0.49
06/10/2017,0.5
09/10/2017,.
10/10/2017,0.47
11/10/2017,0.46
12/10/2017,0.44
13/10/2017,0.43
16/10/2017,0.46
17/10/2017,0.48
18/10/2017,0.5
19/10/2017,0.49
20/10/2017,0.52
23/10/2017,0.52
24/10/2017,0.55
25/10/2017,0.56
26/10/2017,0.57
27/10/2017,0.54
30/10/2017,0.5
31/10/2017,0.5
01/11/2017,0.49
02/11/2017,0.48
03/11/2017,0.48
06/11/2017,0.46
07/11/2017,0.44
08/11/2017,0.45
09/11/2017,0.46
10/11/2017,0.52
13/11/2017,0.52
14/11/2017,0.51
15/11/2017,0.48
16/11/2017,0.53
17/11/2017,0.49
20/11/2017,0.52
21/11/2017,0.52
22/11/2017,0.48
23/11/2017,.
24/11/2017,0.5
27/11/2017,0.49
28/11/2017,0.5
29/11/2017,0.53
30/11/2017,0.56
01/12/2017,0.51
04/12/2017,0.5
05/12/2017,0.5
06/12/2017,0.47
07/12/2017,0.5
08/12/2017,0.5
11/12/2017,0.51
12/12/2017,0.51
13/12/2017,0.48
14/12/2017,0.48
15/12/2017,0.47
18/12/2017,0.5
19/12/2017,0.55
20/12/2017,0.57
21/12/2017,0.55
22/12/2017,0.54
25/12/2017,.
26/12/2017,0.53
27/12/2017,0.48
28/12/2017,0.47
29/12/2017,0.44
01/01/2018,.
02/01/2018,0.46
03/01/2018,0.46
04/01/2018,0.45
05/01/2018,0.46
08/01/2018,0.47
09/01/2018,0.52
10/01/2018,0.52
11/01/2018,0.54
12/01/2018,0.54
15/01/2018,.
16/01/2018,0.51
17/01/2018,0.53
18/01/2018,0.57
19/01/2018,0.58
22/01/2018,0.6
23/01/2018,0.57
24/01/2018,0.58
25/01/2018,0.56
26/01/2018,0.57
29/01/2018,0.61
30/01/2018,0.63
31/01/2018,0.61
01/02/2018,0.67
02/02/2018,0.7
05/02/2018,0.67
06/02/2018,0.69
07/02/2018,0.74
08/02/2018,0.76
09/02/2018,0.78
12/02/2018,0.79
13/02/2018,0.78
14/02/2018,0.82
15/02/2018,0.79
16/02/2018,0.78
19/02/2018,.
20/02/2018,0.78
21/02/2018,0.82
22/02/2018,0.81
23/02/2018,0.76
26/02/2018,0.73
27/02/2018,0.77
28/02/2018,0.75
01/03/2018,0.71
02/03/2018,0.74
05/03/2018,0.75
06/03/2018,0.76
07/03/2018,0.76
08/03/2018,0.75
09/03/2018,0.78
12/03/2018,0.77
13/03/2018,0.75
14/03/2018,0.74
15/03/2018,0.74
16/03/2018,0.77
19/03/2018,0.77
20/03/2018,0.81
21/03/2018,0.8
22/03/2018,0.75
23/03/2018,0.75
26/03/2018,0.77
27/03/2018,0.71
28/03/2018,0.72
29/03/2018,0.69
30/03/2018,.
02/04/2018,0.68
03/04/2018,0.71
04/04/2018,0.71
05/04/2018,0.75
06/04/2018,0.7
09/04/2018,0.71
10/04/2018,0.72
11/04/2018,0.68
12/04/2018,0.7
13/04/2018,0.69
16/04/2018,0.71
17/04/2018,0.68
18/04/2018,0.71
19/04/2018,0.75
20/04/2018,0.79
23/04/2018,0.8
24/04/2018,0.83
25/04/2018,0.86
26/04/2018,0.82
27/04/2018,0.79
30/04/2018,0.78
01/05/2018,0.81
02/05/2018,0.8
03/05/2018,0.78
04/05/2018,0.79
07/05/2018,0.78
08/05/2018,0.81
09/05/2018,0.82
10/05/2018,0.8
11/05/2018,0.82
14/05/2018,0.85
15/05/2018,0.9
16/05/2018,0.92
17/05/2018,0.95
18/05/2018,0.91
21/05/2018,0.9
22/05/2018,0.91
23/05/2018,0.87
24/05/2018,0.86
25/05/2018,0.84
28/05/2018,.
29/05/2018,0.73
30/05/2018,0.78
31/05/2018,0.76
01/06/2018,0.8
04/06/2018,0.82
05/06/2018,0.79
06/06/2018,0.83
07/06/2018,0.8
08/06/2018,0.82
11/06/2018,0.83
12/06/2018,0.83
13/06/2018,0.86
14/06/2018,0.82
15/06/2018,0.81
18/06/2018,0.8
19/06/2018,0.77
20/06/2018,0.81
21/06/2018,0.79
22/06/2018,0.78
25/06/2018,0.77
26/06/2018,0.76
27/06/2018,0.72
28/06/2018,0.74
29/06/2018,0.74
02/07/2018,0.73
03/07/2018,0.71
04/07/2018,.
05/07/2018,0.71
06/07/2018,0.7
09/07/2018,0.73
10/07/2018,0.74
11/07/2018,0.74
12/07/2018,0.75
13/07/2018,0.72
16/07/2018,0.75
17/07/2018,0.77
18/07/2018,0.79
19/07/2018,0.75
20/07/2018,0.78
23/07/2018,0.85
24/07/2018,0.84
25/07/2018,0.81
26/07/2018,0.87
27/07/2018,0.84
30/07/2018,0.85
31/07/2018,0.84
01/08/2018,0.87
02/08/2018,0.86
03/08/2018,0.83
06/08/2018,0.83
07/08/2018,0.85
08/08/2018,0.85
09/08/2018,0.82
10/08/2018,0.78
13/08/2018,0.78
14/08/2018,0.8
15/08/2018,0.78
16/08/2018,0.79
17/08/2018,0.79
20/08/2018,0.75
21/08/2018,0.77
22/08/2018,0.74
23/08/2018,0.73
24/08/2018,0.73
27/08/2018,0.74
28/08/2018,0.77
29/08/2018,0.77
30/08/2018,0.76
31/08/2018,0.78
03/09/2018,.
04/09/2018,0.8
05/09/2018,0.81
06/09/2018,0.8
07/09/2018,0.84
10/09/2018,0.84
11/09/2018,0.86
12/09/2018,0.85
13/09/2018,0.87
14/09/2018,0.89
17/09/2018,0.89
18/09/2018,0.92
19/09/2018,0.93
20/09/2018,0.92
21/09/2018,0.92
24/09/2018,0.92
25/09/2018,0.94
26/09/2018,0.92
27/09/2018,0.91
28/09/2018,0.91
01/10/2018,0.95
02/10/2018,0.93
03/10/2018,0.99
04/10/2018,1.03
05/10/2018,1.07
08/10/2018,.
09/10/2018,1.04
10/10/2018,1.06
11/10/2018,1.02
12/10/2018,1.03
15/10/2018,1.03
16/10/2018,1.03
17/10/2018,1.06
18/10/2018,1.07
19/10/2018,1.09
22/10/2018,1.09
23/10/2018,1.08
24/10/2018,1.03
25/10/2018,1.09
26/10/2018,1.02
29/10/2018,1.02
30/10/2018,1.07
31/10/2018,1.1
01/11/2018,1.12
02/11/2018,1.16
05/11/2018,1.14
06/11/2018,1.15
07/11/2018,1.15
08/11/2018,1.17
09/11/2018,1.15
12/11/2018,.
13/11/2018,1.12
14/11/2018,1.12
15/11/2018,1.11
16/11/2018,1.06
19/11/2018,1.07
20/11/2018,1.09
21/11/2018,1.09
22/11/2018,.
23/11/2018,1.09
26/11/2018,1.11
27/11/2018,1.15
28/11/2018,1.12
29/11/2018,1.05
30/11/2018,1.04
03/12/2018,1.02
04/12/2018,0.97
05/12/2018,.
06/12/2018,0.97
07/12/2018,0.96
10/12/2018,0.99
11/12/2018,1.06
12/12/2018,1.08
13/12/2018,1.08
14/12/2018,1.07
17/12/2018,1.05
18/12/2018,1.01
19/12/2018,0.97
20/12/2018,1.03
21/12/2018,1.02
24/12/2018,0.99
25/12/2018,.
26/12/2018,1.04
27/12/2018,1.03
28/12/2018,0.99
31/12/2018,0.98
01/01/2019,.
02/01/2019,0.96
03/01/2019,0.88
04/01/2019,0.91
07/01/2019,0.92
08/01/2019,0.91
09/01/2019,0.91
10/01/2019,0.93
11/01/2019,0.88
14/01/2019,0.9
15/01/2019,0.91
16/01/2019,0.91
17/01/2019,0.96
18/01/2019,0.96
21/01/2019,.
22/01/2019,0.95
23/01/2019,0.96
24/01/2019,0.95
25/01/2019,0.97
28/01/2019,0.97
29/01/2019,0.94
30/01/2019,0.86
31/01/2019,0.78
01/02/2019,0.82
04/02/2019,0.86
05/02/2019,0.84
06/02/2019,0.84
07/02/2019,0.81
08/02/2019,0.81
11/02/2019,0.83
12/02/2019,0.85
13/02/2019,0.85
14/02/2019,0.81
15/02/2019,0.8
18/02/2019,.
19/02/2019,0.78
20/02/2019,0.76
21/02/2019,0.78
22/02/2019,0.74
25/02/2019,0.75
26/02/2019,0.72
27/02/2019,0.76
28/02/2019,0.78
01/03/2019,0.8
04/03/2019,0.78
05/03/2019,0.79
06/03/2019,0.78
07/03/2019,0.74
08/03/2019,0.72
11/03/2019,0.73
12/03/2019,0.71
13/03/2019,0.69
14/03/2019,0.69
15/03/2019,0.65
18/03/2019,0.64
19/03/2019,0.66
20/03/2019,0.58
21/03/2019,0.58
22/03/2019,0.54
25/03/2019,0.55
26/03/2019,0.55
27/03/2019,0.55
28/03/2019,0.56
29/03/2019,0.53
01/04/2019,0.59
02/04/2019,0.58
03/04/2019,0.61
04/04/2019,0.61
05/04/2019,0.6
08/04/2019,0.61
09/04/2019,0.6
10/04/2019,0.54
11/04/2019,0.57
12/04/2019,0.61
15/04/2019,0.61
16/04/2019,0.64
17/04/2019,0.65
18/04/2019,0.62
19/04/2019,.
22/04/2019,0.64
23/04/2019,0.62
24/04/2019,0.57
25/04/2019,0.56
26/04/2019,0.54
29/04/2019,0.58
30/04/2019,0.56
01/05/2019,0.59
02/05/2019,0.66
03/05/2019,0.63
06/05/2019,0.6
07/05/2019,0.58
08/05/2019,0.62
09/05/2019,0.6
10/05/2019,0.59
13/05/2019,0.55
14/05/2019,0.56
15/05/2019,0.54
16/05/2019,0.56
17/05/2019,0.58
20/05/2019,0.6
21/05/2019,0.6
22/05/2019,0.6
23/05/2019,0.58
24/05/2019,0.56
27/05/2019,.
28/05/2019,0.53
29/05/2019,0.5
30/05/2019,0.48
31/05/2019,0.4
03/06/2019,0.34
04/06/2019,0.38
05/06/2019,0.37
06/06/2019,0.39
07/06/2019,0.35
10/06/2019,0.42
11/06/2019,0.43
12/06/2019,0.42
13/06/2019,0.42
14/06/2019,0.46
17/06/2019,0.48
18/06/2019,0.42
19/06/2019,0.36
20/06/2019,0.27
21/06/2019,0.34
24/06/2019,0.31
25/06/2019,0.33
26/06/2019,0.35
27/06/2019,0.33
28/06/2019,0.31
01/07/2019,0.34
02/07/2019,0.33
03/07/2019,0.31
04/07/2019,.
05/07/2019,0.35
08/07/2019,0.35
09/07/2019,0.36
10/07/2019,0.33
11/07/2019,0.36
12/07/2019,0.35
15/07/2019,0.32
16/07/2019,0.33
17/07/2019,0.31
18/07/2019,0.25
19/07/2019,0.25
22/07/2019,0.26
23/07/2019,0.27
24/07/2019,0.26
25/07/2019,0.28
26/07/2019,0.3
29/07/2019,0.29
30/07/2019,0.28
31/07/2019,0.26
01/08/2019,0.2
02/08/2019,0.2
05/08/2019,0.15
06/08/2019,0.11
07/08/2019,0.09
08/08/2019,0.07
09/08/2019,0.08
12/08/2019,0.04
13/08/2019,0.05
14/08/2019,0.02
15/08/2019,-0.02
16/08/2019,0.01
19/08/2019,0.04
20/08/2019,0.02
21/08/2019,0.05
22/08/2019,0.07
23/08/2019,-0.02
26/08/2019,0
27/08/2019,-0.06
28/08/2019,-0.08
29/08/2019,-0.09
30/08/2019,-0.05
02/09/2019,.
03/09/2019,-0.03
04/09/2019,-0.04
05/09/2019,0.01
06/09/2019,0.01
09/09/2019,0.06
10/09/2019,0.12
11/09/2019,0.15
12/09/2019,0.16
13/09/2019,0.23
16/09/2019,0.17
17/09/2019,0.15
18/09/2019,0.21
19/09/2019,0.18
20/09/2019,0.13
23/09/2019,0.11
24/09/2019,0.06
25/09/2019,0.13
26/09/2019,0.13
27/09/2019,0.16
30/09/2019,0.15
01/10/2019,0.13
02/10/2019,0.1
03/10/2019,0.06
04/10/2019,0.02
07/10/2019,0.05
08/10/2019,0.06
09/10/2019,0.1
10/10/2019,0.15
11/10/2019,0.2
14/10/2019,.
15/10/2019,0.21
16/10/2019,0.18
17/10/2019,0.17
18/10/2019,0.16
21/10/2019,0.19
22/10/2019,0.17
23/10/2019,0.16
24/10/2019,0.15
25/10/2019,0.15
28/10/2019,0.21
29/10/2019,0.23
30/10/2019,0.21
31/10/2019,0.15
01/11/2019,0.14
04/11/2019,0.15
05/11/2019,0.18
06/11/2019,0.15
07/11/2019,0.23
08/11/2019,0.23
11/11/2019,.
12/11/2019,0.22
13/11/2019,0.22
14/11/2019,0.2
15/11/2019,0.21
18/11/2019,0.18
19/11/2019,0.16
20/11/2019,0.13
21/11/2019,0.14
22/11/2019,0.15
25/11/2019,0.14
26/11/2019,0.12
27/11/2019,0.14
28/11/2019,.
29/11/2019,0.17
02/12/2019,0.18
03/12/2019,0.09
04/12/2019,0.11
05/12/2019,0.13
06/12/2019,0.15
09/12/2019,0.14
10/12/2019,0.14
11/12/2019,0.1
12/12/2019,0.18
13/12/2019,0.12
16/12/2019,0.16
17/12/2019,0.14
18/12/2019,0.16
19/12/2019,0.15
20/12/2019,0.15
23/12/2019,0.18
24/12/2019,0.15
25/12/2019,.
26/12/2019,0.16
27/12/2019,0.15
30/12/2019,0.15
31/12/2019,0.15
01/01/2020,.
02/01/2020,0.08
03/01/2020,0.03
06/01/2020,0.06
07/01/2020,0.09
08/01/2020,0.12
09/01/2020,0.11
10/01/2020,0.07
13/01/2020,0.08
14/01/2020,0.05
15/01/2020,0.04
16/01/2020,0.07
17/01/2020,0.09
20/01/2020,.
21/01/2020,0.04
22/01/2020,0.05
23/01/2020,0.04
24/01/2020,0.02
27/01/2020,-0.02
28/01/2020,0
29/01/2020,-0.04
30/01/2020,-0.07
31/01/2020,-0.14
03/02/2020,-0.09
04/02/2020,-0.03
05/02/2020,0
06/02/2020,-0.02
07/02/2020,-0.07
10/02/2020,-0.1
11/02/2020,-0.06
12/02/2020,-0.04
13/02/2020,-0.06
14/02/2020,-0.07
17/02/2020,.
18/02/2020,-0.1
19/02/2020,-0.09
20/02/2020,-0.11
21/02/2020,-0.15
24/02/2020,-0.21
25/02/2020,-0.2
26/02/2020,-0.21
27/02/2020,-0.23
28/02/2020,-0.28
02/03/2020,-0.31
03/03/2020,-0.43
04/03/2020,-0.44
05/03/2020,-0.48
06/03/2020,-0.57
09/03/2020,-0.45
10/03/2020,-0.24
11/03/2020,-0.14
12/03/2020,-0.04
13/03/2020,0.04
16/03/2020,0
17/03/2020,0.39
18/03/2020,0.55
19/03/2020,0.62
20/03/2020,0.17
23/03/2020,-0.04
24/03/2020,-0.13
25/03/2020,-0.19
26/03/2020,-0.24
27/03/2020,-0.22
30/03/2020,-0.25
31/03/2020,-0.17
01/04/2020,-0.29
02/04/2020,-0.4
03/04/2020,-0.46
06/04/2020,-0.47
07/04/2020,-0.42
08/04/2020,-0.42
09/04/2020,-0.5
10/04/2020,.
13/04/2020,-0.5
14/04/2020,-0.53
15/04/2020,-0.56
16/04/2020,-0.42
17/04/2020,-0.36
20/04/2020,-0.31
21/04/2020,-0.38
22/04/2020,-0.43
23/04/2020,-0.44
24/04/2020,-0.51
27/04/2020,-0.5
28/04/2020,-0.52
29/04/2020,-0.51
30/04/2020,-0.43
01/05/2020,-0.42
04/05/2020,-0.43
05/05/2020,-0.44
06/05/2020,-0.38
07/05/2020,-0.45
08/05/2020,-0.43
11/05/2020,-0.4
12/05/2020,-0.4
13/05/2020,-0.43
14/05/2020,-0.43
15/05/2020,-0.45
18/05/2020,-0.44
19/05/2020,-0.45
20/05/2020,-0.48
21/05/2020,-0.46
22/05/2020,-0.46
25/05/2020,.
26/05/2020,-0.44
27/05/2020,-0.46
28/05/2020,-0.48
29/05/2020,-0.5
01/06/2020,-0.52
02/06/2020,-0.5
03/06/2020,-0.44
04/06/2020,-0.4
05/06/2020,-0.36
08/06/2020,-0.4
09/06/2020,-0.42
10/06/2020,-0.52
11/06/2020,-0.55
